etf,direction,entry_time,exit_time,entry,exit,ret_pct,pnl,reason,market_proba,win,equity_after,entry_dt,month
SQQQ,SHORT,2025-06-11 14:30:00+00:00,2025-06-12 14:30:00+00:00,108.079,109.8326,1.122,112.25,timeout,0.0191,1,10112.25,2025-06-11 14:30:00+00:00,2025-06
SQQQ,SHORT,2025-06-12 15:30:00+00:00,2025-06-13 15:30:00+00:00,109.9049,111.2943,0.764,77.28,timeout,0.0073,1,10189.52,2025-06-12 15:30:00+00:00,2025-06
SQQQ,SHORT,2025-06-13 16:30:00+00:00,2025-06-16 16:30:00+00:00,111.3807,108.8206,-2.799,-285.15,timeout,0.0056,0,9904.37,2025-06-13 16:30:00+00:00,2025-06
SQQQ,SHORT,2025-06-16 17:30:00+00:00,2025-06-17 17:30:00+00:00,108.9044,112.6686,2.956,292.82,timeout,0.0071,1,10197.19,2025-06-16 17:30:00+00:00,2025-06
SQQQ,SHORT,2025-06-17 18:30:00+00:00,2025-06-18 18:30:00+00:00,112.7924,112.8935,-0.41,-41.84,timeout,0.0065,0,10155.34,2025-06-17 18:30:00+00:00,2025-06
SQQQ,SHORT,2025-06-18 19:30:00+00:00,2025-06-20 19:30:00+00:00,113.0565,114.0929,0.417,42.32,timeout,0.0135,1,10197.67,2025-06-18 19:30:00+00:00,2025-06
SQQQ,SHORT,2025-06-23 13:30:00+00:00,2025-06-23 19:30:00+00:00,113.8569,110.386,-3.549,-361.86,stop,0.013,0,9835.8,2025-06-23 13:30:00+00:00,2025-06
SQQQ,SHORT,2025-06-24 13:30:00+00:00,2025-06-25 13:30:00+00:00,107.5537,104.275,-3.548,-349.02,stop,0.0107,0,9486.78,2025-06-24 13:30:00+00:00,2025-06
SQQQ,SHORT,2025-06-25 14:30:00+00:00,2025-06-26 14:30:00+00:00,103.2191,102.0989,-1.585,-150.39,timeout,0.0204,0,9336.39,2025-06-25 14:30:00+00:00,2025-06
SQQQ,SHORT,2025-06-26 15:30:00+00:00,2025-06-27 13:30:00+00:00,102.2261,99.1097,-3.549,-331.3,stop,0.0086,0,9005.09,2025-06-26 15:30:00+00:00,2025-06
SQQQ,SHORT,2025-06-27 14:30:00+00:00,2025-06-30 14:30:00+00:00,99.3487,98.8111,-1.041,-93.75,timeout,0.0174,0,8911.34,2025-06-27 14:30:00+00:00,2025-06
SQQQ,SHORT,2025-06-30 15:30:00+00:00,2025-07-01 15:30:00+00:00,98.8994,100.4987,1.117,99.55,timeout,0.0077,1,9010.89,2025-06-30 15:30:00+00:00,2025-06
SQQQ,SHORT,2025-07-01 16:30:00+00:00,2025-07-02 16:30:00+00:00,100.6003,98.7001,-2.389,-215.25,timeout,0.0197,0,8795.63,2025-07-01 16:30:00+00:00,2025-07
SQQQ,SHORT,2025-07-02 17:30:00+00:00,2025-07-03 13:30:00+00:00,98.7493,95.739,-3.548,-312.11,stop,0.0075,0,8483.52,2025-07-02 17:30:00+00:00,2025-07
SQQQ,SHORT,2025-07-03 14:30:00+00:00,2025-07-07 18:30:00+00:00,95.6738,98.1844,2.124,180.2,timeout,0.0207,1,8663.72,2025-07-03 14:30:00+00:00,2025-07
SQQQ,SHORT,2025-07-07 19:30:00+00:00,2025-07-08 19:30:00+00:00,98.2826,97.6512,-1.142,-98.98,timeout,0.0078,0,8564.73,2025-07-07 19:30:00+00:00,2025-07
SQQQ,SHORT,2025-07-09 13:30:00+00:00,2025-07-10 13:30:00+00:00,96.6233,97.002,-0.108,-9.26,timeout,0.0121,0,8555.48,2025-07-09 13:30:00+00:00,2025-07
SQQQ,SHORT,2025-07-10 14:30:00+00:00,2025-07-11 14:30:00+00:00,97.0985,96.9105,-0.694,-59.34,timeout,0.0224,0,8496.14,2025-07-10 14:30:00+00:00,2025-07
SQQQ,SHORT,2025-07-11 15:30:00+00:00,2025-07-14 15:30:00+00:00,96.9985,96.1009,-1.425,-121.1,timeout,0.0075,0,8375.04,2025-07-11 15:30:00+00:00,2025-07
SQQQ,SHORT,2025-07-14 16:30:00+00:00,2025-07-15 16:30:00+00:00,96.1836,94.7526,-1.988,-166.47,timeout,0.0067,0,8208.56,2025-07-14 16:30:00+00:00,2025-07
SQQQ,SHORT,2025-07-15 17:30:00+00:00,2025-07-16 17:30:00+00:00,94.8734,95.7446,0.418,34.33,timeout,0.0065,1,8242.9,2025-07-15 17:30:00+00:00,2025-07
SQQQ,SHORT,2025-07-16 18:30:00+00:00,2025-07-17 17:30:00+00:00,95.7979,92.8775,-3.548,-292.5,stop,0.0067,0,7950.4,2025-07-16 18:30:00+00:00,2025-07
SQQQ,SHORT,2025-07-17 18:30:00+00:00,2025-07-18 18:30:00+00:00,93.2216,93.6282,-0.064,-5.08,timeout,0.0065,0,7945.32,2025-07-17 18:30:00+00:00,2025-07
SQQQ,SHORT,2025-07-18 19:30:00+00:00,2025-07-21 19:30:00+00:00,93.7218,92.1034,-2.227,-176.93,timeout,0.0071,0,7768.39,2025-07-18 19:30:00+00:00,2025-07
SQQQ,SHORT,2025-07-22 13:30:00+00:00,2025-07-23 13:30:00+00:00,92.146,93.877,1.379,107.09,timeout,0.0108,1,7875.48,2025-07-22 13:30:00+00:00,2025-07
SQQQ,SHORT,2025-07-23 14:30:00+00:00,2025-07-24 14:30:00+00:00,93.9635,91.6282,-2.985,-235.11,timeout,0.0204,0,7640.37,2025-07-23 14:30:00+00:00,2025-07
SQQQ,SHORT,2025-07-24 15:30:00+00:00,2025-07-25 15:30:00+00:00,91.7208,90.7306,-1.58,-120.69,timeout,0.0114,0,7519.68,2025-07-24 15:30:00+00:00,2025-07
SQQQ,SHORT,2025-07-25 16:30:00+00:00,2025-07-28 16:30:00+00:00,90.8204,90.6796,-0.655,-49.25,timeout,0.0065,0,7470.43,2025-07-25 16:30:00+00:00,2025-07
SQQQ,SHORT,2025-07-28 17:30:00+00:00,2025-07-29 17:30:00+00:00,90.7954,90.5932,-0.723,-53.99,timeout,0.0056,0,7416.44,2025-07-28 17:30:00+00:00,2025-07
SQQQ,SHORT,2025-07-29 18:30:00+00:00,2025-07-30 18:30:00+00:00,90.6703,91.5157,0.432,32.07,timeout,0.0065,1,7448.51,2025-07-29 18:30:00+00:00,2025-07
SQQQ,SHORT,2025-07-30 19:30:00+00:00,2025-07-31 13:30:00+00:00,91.5963,88.804,-3.548,-264.31,stop,0.0224,0,7184.2,2025-07-30 19:30:00+00:00,2025-07
SQQQ,SHORT,2025-07-31 14:30:00+00:00,2025-08-01 13:30:00+00:00,88.8074,95.864,7.446,534.94,target,0.0224,1,7719.14,2025-07-31 14:30:00+00:00,2025-07
SQQQ,SHORT,2025-08-01 14:30:00+00:00,2025-08-04 13:30:00+00:00,96.4607,93.5201,-3.548,-273.91,stop,0.0323,0,7445.22,2025-08-01 14:30:00+00:00,2025-08
SQQQ,SHORT,2025-08-04 14:30:00+00:00,2025-08-05 14:30:00+00:00,92.9965,93.7606,0.322,23.95,timeout,0.0197,1,7469.17,2025-08-04 14:30:00+00:00,2025-08
SQQQ,SHORT,2025-08-05 15:30:00+00:00,2025-08-06 15:30:00+00:00,93.8909,91.3618,-3.194,-238.54,timeout,0.0155,0,7230.63,2025-08-05 15:30:00+00:00,2025-08
SQQQ,SHORT,2025-08-06 16:30:00+00:00,2025-08-07 13:30:00+00:00,91.4707,88.6822,-3.548,-256.58,stop,0.0093,0,6974.05,2025-08-06 16:30:00+00:00,2025-08
SQQQ,SHORT,2025-08-07 14:30:00+00:00,2025-08-08 14:30:00+00:00,89.1445,87.9485,-1.842,-128.44,timeout,0.0262,0,6845.61,2025-08-07 14:30:00+00:00,2025-08
SQQQ,SHORT,2025-08-08 15:30:00+00:00,2025-08-11 15:30:00+00:00,88.019,86.6566,-2.048,-140.18,timeout,0.0143,0,6705.43,2025-08-08 15:30:00+00:00,2025-08
SQQQ,SHORT,2025-08-11 16:30:00+00:00,2025-08-12 16:30:00+00:00,86.6933,85.4497,-1.934,-129.71,timeout,0.0078,0,6575.71,2025-08-11 16:30:00+00:00,2025-08
SQQQ,SHORT,2025-08-12 17:30:00+00:00,2025-08-13 17:30:00+00:00,85.5427,85.0,-1.135,-74.6,timeout,0.0065,0,6501.11,2025-08-12 17:30:00+00:00,2025-08
SQQQ,SHORT,2025-08-13 18:30:00+00:00,2025-08-14 18:30:00+00:00,85.0425,84.992,-0.559,-36.37,timeout,0.0078,0,6464.74,2025-08-13 18:30:00+00:00,2025-08
SQQQ,SHORT,2025-08-14 19:30:00+00:00,2025-08-15 19:30:00+00:00,85.08,86.3073,0.943,60.93,timeout,0.0069,1,6525.68,2025-08-14 19:30:00+00:00,2025-08
SQQQ,SHORT,2025-08-18 13:30:00+00:00,2025-08-19 13:30:00+00:00,86.8184,88.2808,1.185,77.3,timeout,0.0093,1,6602.97,2025-08-18 13:30:00+00:00,2025-08
SQQQ,SHORT,2025-08-19 14:30:00+00:00,2025-08-20 14:30:00+00:00,88.3502,92.7541,4.485,296.12,timeout,0.0196,1,6899.09,2025-08-19 14:30:00+00:00,2025-08
SQQQ,SHORT,2025-08-20 15:30:00+00:00,2025-08-21 15:30:00+00:00,92.8754,93.3288,-0.012,-0.81,timeout,0.0073,0,6898.28,2025-08-20 15:30:00+00:00,2025-08
SQQQ,SHORT,2025-08-21 16:30:00+00:00,2025-08-22 13:30:00+00:00,93.4067,90.5592,-3.548,-244.79,stop,0.0056,0,6653.49,2025-08-21 16:30:00+00:00,2025-08
SQQQ,SHORT,2025-08-22 14:30:00+00:00,2025-08-25 14:30:00+00:00,88.9945,88.3713,-1.2,-79.86,timeout,0.0197,0,6573.64,2025-08-22 14:30:00+00:00,2025-08
SQQQ,SHORT,2025-08-25 15:30:00+00:00,2025-08-26 15:30:00+00:00,88.4507,89.0065,0.128,8.44,timeout,0.0093,1,6582.07,2025-08-25 15:30:00+00:00,2025-08
SQQQ,SHORT,2025-08-26 16:30:00+00:00,2025-08-27 16:30:00+00:00,89.095,88.3348,-1.353,-89.07,timeout,0.0059,0,6493.0,2025-08-26 16:30:00+00:00,2025-08
SQQQ,SHORT,2025-08-27 17:30:00+00:00,2025-08-28 17:30:00+00:00,88.4437,86.4507,-2.753,-178.78,timeout,0.0037,0,6314.22,2025-08-27 17:30:00+00:00,2025-08
SQQQ,SHORT,2025-08-28 18:30:00+00:00,2025-08-29 18:30:00+00:00,86.5333,89.855,3.339,210.82,timeout,0.0034,1,6525.04,2025-08-28 18:30:00+00:00,2025-08
SQQQ,SHORT,2025-08-29 19:30:00+00:00,2025-09-02 19:30:00+00:00,89.9129,92.004,1.826,119.12,timeout,0.0037,1,6644.16,2025-08-29 19:30:00+00:00,2025-08
SQQQ,SHORT,2025-09-03 13:30:00+00:00,2025-09-04 13:30:00+00:00,90.3451,89.5727,-1.355,-90.03,timeout,0.0093,0,6554.13,2025-09-03 13:30:00+00:00,2025-09
SQQQ,SHORT,2025-09-04 14:30:00+00:00,2025-09-05 13:30:00+00:00,89.6943,86.96,-3.549,-232.57,stop,0.0197,0,6321.56,2025-09-04 14:30:00+00:00,2025-09
SQQQ,SHORT,2025-09-05 14:30:00+00:00,2025-09-08 14:30:00+00:00,87.7689,85.0932,-3.548,-224.32,stop,0.0224,0,6097.24,2025-09-05 14:30:00+00:00,2025-09
SQQQ,SHORT,2025-09-08 15:30:00+00:00,2025-09-09 15:30:00+00:00,85.3176,85.863,0.139,8.49,timeout,0.0093,1,6105.73,2025-09-08 15:30:00+00:00,2025-09
SQQQ,SHORT,2025-09-09 16:30:00+00:00,2025-09-10 16:30:00+00:00,85.9605,85.1284,-1.468,-89.63,timeout,0.0078,0,6016.1,2025-09-09 16:30:00+00:00,2025-09
SQQQ,SHORT,2025-09-10 17:30:00+00:00,2025-09-11 17:30:00+00:00,85.2321,83.6896,-2.31,-138.96,timeout,0.0065,0,5877.15,2025-09-10 17:30:00+00:00,2025-09
SQQQ,SHORT,2025-09-11 18:30:00+00:00,2025-09-12 18:30:00+00:00,83.7709,82.6582,-1.828,-107.45,timeout,0.0056,0,5769.7,2025-09-11 18:30:00+00:00,2025-09
SQQQ,SHORT,2025-09-12 19:30:00+00:00,2025-09-15 19:30:00+00:00,82.6913,80.6911,-2.919,-168.41,timeout,0.0091,0,5601.29,2025-09-12 19:30:00+00:00,2025-09
SQQQ,SHORT,2025-09-16 13:30:00+00:00,2025-09-17 13:30:00+00:00,80.4402,81.8505,1.253,70.2,timeout,0.0108,1,5671.49,2025-09-16 13:30:00+00:00,2025-09
SQQQ,SHORT,2025-09-17 14:30:00+00:00,2025-09-18 13:30:00+00:00,81.9159,79.4187,-3.549,-201.25,stop,0.0204,0,5470.23,2025-09-17 14:30:00+00:00,2025-09
SQQQ,SHORT,2025-09-18 14:30:00+00:00,2025-09-19 14:30:00+00:00,78.4892,78.961,0.101,5.53,timeout,0.0206,1,5475.76,2025-09-18 14:30:00+00:00,2025-09
SQQQ,SHORT,2025-09-19 15:30:00+00:00,2025-09-22 15:30:00+00:00,79.08,76.6693,-3.548,-194.31,stop,0.0093,0,5281.46,2025-09-19 15:30:00+00:00,2025-09
SQQQ,SHORT,2025-09-22 16:30:00+00:00,2025-09-23 16:30:00+00:00,76.7394,77.6117,0.637,33.63,timeout,0.0071,1,5315.08,2025-09-22 16:30:00+00:00,2025-09
SQQQ,SHORT,2025-09-23 17:30:00+00:00,2025-09-24 17:30:00+00:00,77.7063,78.0105,-0.109,-5.77,timeout,0.0062,0,5309.31,2025-09-23 17:30:00+00:00,2025-09
SQQQ,SHORT,2025-09-24 18:30:00+00:00,2025-09-25 18:30:00+00:00,78.042,78.882,0.576,30.6,timeout,0.005,1,5339.91,2025-09-24 18:30:00+00:00,2025-09
SQQQ,SHORT,2025-09-25 19:30:00+00:00,2025-09-26 19:30:00+00:00,78.9395,77.7361,-2.024,-108.1,timeout,0.0073,0,5231.81,2025-09-25 19:30:00+00:00,2025-09
SQQQ,SHORT,2025-09-29 13:30:00+00:00,2025-09-30 13:30:00+00:00,76.6808,77.2364,0.224,11.74,timeout,0.0093,1,5243.56,2025-09-29 13:30:00+00:00,2025-09
SQQQ,SHORT,2025-09-30 14:30:00+00:00,2025-10-01 14:30:00+00:00,77.2891,76.2119,-1.894,-99.3,timeout,0.0204,0,5144.26,2025-09-30 14:30:00+00:00,2025-09
SQQQ,SHORT,2025-10-01 15:30:00+00:00,2025-10-02 13:30:00+00:00,76.2631,73.9382,-3.548,-182.54,stop,0.0109,0,4961.71,2025-10-01 15:30:00+00:00,2025-10
SQQQ,SHORT,2025-10-02 14:30:00+00:00,2025-10-03 14:30:00+00:00,74.5728,74.013,-1.251,-62.05,timeout,0.0224,0,4899.66,2025-10-02 14:30:00+00:00,2025-10
SQQQ,SHORT,2025-10-03 15:30:00+00:00,2025-10-06 15:30:00+00:00,74.062,73.3708,-1.433,-70.23,timeout,0.0114,0,4829.43,2025-10-03 15:30:00+00:00,2025-10
SQQQ,SHORT,2025-10-06 16:30:00+00:00,2025-10-07 16:30:00+00:00,73.4372,74.7121,1.236,59.69,timeout,0.0073,1,4889.13,2025-10-06 16:30:00+00:00,2025-10
SQQQ,SHORT,2025-10-07 17:30:00+00:00,2025-10-08 17:30:00+00:00,74.7859,72.6632,-3.338,-163.22,timeout,0.0065,0,4725.91,2025-10-07 17:30:00+00:00,2025-10
SQQQ,SHORT,2025-10-08 18:30:00+00:00,2025-10-09 18:30:00+00:00,72.7113,72.7141,-0.496,-23.45,timeout,0.0065,0,4702.46,2025-10-08 18:30:00+00:00,2025-10
SQQQ,SHORT,2025-10-09 19:30:00+00:00,2025-10-10 18:30:00+00:00,72.8114,78.597,7.446,350.15,target,0.0065,1,5052.6,2025-10-09 19:30:00+00:00,2025-10
SQQQ,SHORT,2025-10-10 19:30:00+00:00,2025-10-13 13:30:00+00:00,79.1145,76.7027,-3.548,-179.29,stop,0.0109,0,4873.31,2025-10-10 19:30:00+00:00,2025-10
SQQQ,SHORT,2025-10-13 14:30:00+00:00,2025-10-14 14:30:00+00:00,76.088,77.0115,0.714,34.78,timeout,0.0199,1,4908.09,2025-10-13 14:30:00+00:00,2025-10
SQQQ,SHORT,2025-10-14 15:30:00+00:00,2025-10-15 13:30:00+00:00,77.0635,74.7142,-3.548,-174.16,stop,0.013,0,4733.93,2025-10-14 15:30:00+00:00,2025-10
SQQQ,SHORT,2025-10-15 14:30:00+00:00,2025-10-16 14:30:00+00:00,73.4367,73.985,0.247,11.67,timeout,0.0197,1,4745.6,2025-10-15 14:30:00+00:00,2025-10
SQQQ,SHORT,2025-10-16 15:30:00+00:00,2025-10-17 15:30:00+00:00,74.087,74.8121,0.479,22.71,timeout,0.0172,1,4768.32,2025-10-16 15:30:00+00:00,2025-10
SQQQ,SHORT,2025-10-17 16:30:00+00:00,2025-10-20 13:30:00+00:00,74.8874,72.6045,-3.548,-169.2,stop,0.0093,0,4599.11,2025-10-17 16:30:00+00:00,2025-10
SQQQ,SHORT,2025-10-20 14:30:00+00:00,2025-10-21 14:30:00+00:00,71.8859,71.8541,-0.544,-25.03,timeout,0.0204,0,4574.08,2025-10-20 14:30:00+00:00,2025-10
SQQQ,SHORT,2025-10-21 15:30:00+00:00,2025-10-22 15:30:00+00:00,71.8859,73.9725,2.403,109.9,timeout,0.0135,1,4683.98,2025-10-21 15:30:00+00:00,2025-10
SQQQ,SHORT,2025-10-22 16:30:00+00:00,2025-10-23 16:30:00+00:00,74.037,72.4638,-2.625,-122.95,timeout,0.0114,0,4561.02,2025-10-22 16:30:00+00:00,2025-10
SQQQ,SHORT,2025-10-23 17:30:00+00:00,2025-10-24 13:30:00+00:00,72.4862,70.2765,-3.549,-161.85,stop,0.0073,0,4399.18,2025-10-23 17:30:00+00:00,2025-10
SQQQ,SHORT,2025-10-24 14:30:00+00:00,2025-10-27 13:30:00+00:00,69.985,67.8515,-3.548,-156.1,stop,0.0197,0,4243.07,2025-10-24 14:30:00+00:00,2025-10
SQQQ,SHORT,2025-10-27 14:30:00+00:00,2025-10-28 14:30:00+00:00,66.9585,65.4423,-2.764,-117.3,timeout,0.0197,0,4125.78,2025-10-27 14:30:00+00:00,2025-10
SQQQ,SHORT,2025-10-28 15:30:00+00:00,2025-10-29 13:30:00+00:00,65.4832,63.487,-3.548,-146.4,stop,0.0093,0,3979.37,2025-10-28 15:30:00+00:00,2025-10
SQQQ,SHORT,2025-10-29 14:30:00+00:00,2025-10-30 14:30:00+00:00,63.6323,65.3678,2.227,88.64,timeout,0.0204,1,4068.01,2025-10-29 14:30:00+00:00,2025-10
SQQQ,SHORT,2025-10-30 15:30:00+00:00,2025-10-31 15:30:00+00:00,65.4322,65.7006,-0.09,-3.65,timeout,0.018,0,4064.36,2025-10-30 15:30:00+00:00,2025-10
SQQQ,SHORT,2025-10-31 16:30:00+00:00,2025-11-03 14:30:00+00:00,65.7579,63.7532,-3.548,-144.22,stop,0.0109,0,3920.13,2025-10-31 16:30:00+00:00,2025-10
SQQQ,SHORT,2025-11-03 15:30:00+00:00,2025-11-04 15:30:00+00:00,65.4327,67.4413,2.57,100.73,timeout,0.0283,1,4020.87,2025-11-03 15:30:00+00:00,2025-11
SQQQ,SHORT,2025-11-04 16:30:00+00:00,2025-11-05 16:30:00+00:00,67.4837,67.1439,-1.004,-40.35,timeout,0.0143,0,3980.52,2025-11-04 16:30:00+00:00,2025-11
SQQQ,SHORT,2025-11-05 17:30:00+00:00,2025-11-06 17:30:00+00:00,67.2331,70.8536,4.885,194.45,timeout,0.0182,1,4174.96,2025-11-05 17:30:00+00:00,2025-11
SQQQ,SHORT,2025-11-06 18:30:00+00:00,2025-11-07 18:30:00+00:00,70.8854,73.9135,3.772,157.47,timeout,0.013,1,4332.43,2025-11-06 18:30:00+00:00,2025-11
SQQQ,SHORT,2025-11-07 19:30:00+00:00,2025-11-10 14:30:00+00:00,73.987,71.7315,-3.549,-153.74,stop,0.0169,0,4178.7,2025-11-07 19:30:00+00:00,2025-11
SQQQ,SHORT,2025-11-10 15:30:00+00:00,2025-11-11 15:30:00+00:00,68.084,69.0155,0.868,36.28,timeout,0.021,1,4214.97,2025-11-10 15:30:00+00:00,2025-11
SQQQ,SHORT,2025-11-11 16:30:00+00:00,2025-11-12 14:30:00+00:00,69.0755,66.9698,-3.548,-149.57,stop,0.0137,0,4065.41,2025-11-11 16:30:00+00:00,2025-11
SQQQ,SHORT,2025-11-12 15:30:00+00:00,2025-11-13 15:30:00+00:00,68.2346,71.3043,3.999,162.57,timeout,0.0231,1,4227.97,2025-11-12 15:30:00+00:00,2025-11
SQQQ,SHORT,2025-11-13 16:30:00+00:00,2025-11-14 16:30:00+00:00,71.3857,70.8895,-1.195,-50.52,timeout,0.0114,0,4177.45,2025-11-13 16:30:00+00:00,2025-11
SQQQ,SHORT,2025-11-14 17:30:00+00:00,2025-11-17 17:30:00+00:00,70.9855,73.3133,2.779,116.11,timeout,0.0093,1,4293.55,2025-11-14 17:30:00+00:00,2025-11
SQQQ,SHORT,2025-11-17 18:30:00+00:00,2025-11-18 18:30:00+00:00,73.3867,75.7536,2.725,117.01,timeout,0.0078,1,4410.56,2025-11-17 18:30:00+00:00,2025-11
SQQQ,SHORT,2025-11-18 19:30:00+00:00,2025-11-19 14:30:00+00:00,75.8374,73.5255,-3.548,-156.51,stop,0.0099,0,4254.06,2025-11-18 19:30:00+00:00,2025-11
SQQQ,SHORT,2025-11-19 15:30:00+00:00,2025-11-20 14:30:00+00:00,73.4617,71.2222,-3.548,-150.96,stop,0.0224,0,4103.1,2025-11-19 15:30:00+00:00,2025-11
SQQQ,SHORT,2025-11-20 15:30:00+00:00,2025-11-20 16:30:00+00:00,70.7353,76.356,7.446,305.52,target,0.0204,1,4408.62,2025-11-20 15:30:00+00:00,2025-11
SQQQ,SHORT,2025-11-20 17:30:00+00:00,2025-11-21 17:30:00+00:00,78.1791,79.66,1.394,61.47,timeout,0.0204,1,4470.09,2025-11-20 17:30:00+00:00,2025-11
SQQQ,SHORT,2025-11-21 18:30:00+00:00,2025-11-21 18:30:00+00:00,79.7699,77.3381,-3.548,-158.62,stop,0.0142,0,4311.47,2025-11-21 18:30:00+00:00,2025-11
SQQQ,SHORT,2025-11-21 19:30:00+00:00,2025-11-24 15:30:00+00:00,76.549,74.2154,-3.548,-152.99,stop,0.0143,0,4158.47,2025-11-21 19:30:00+00:00,2025-11
SQQQ,SHORT,2025-11-24 16:30:00+00:00,2025-11-25 16:30:00+00:00,73.8869,72.5837,-2.264,-94.14,timeout,0.0173,0,4064.33,2025-11-24 16:30:00+00:00,2025-11
SQQQ,SHORT,2025-11-25 17:30:00+00:00,2025-11-26 14:30:00+00:00,72.6363,70.422,-3.549,-144.22,stop,0.0142,0,3920.11,2025-11-25 17:30:00+00:00,2025-11
SQQQ,SHORT,2025-11-26 15:30:00+00:00,2025-11-28 15:30:00+00:00,70.9154,69.1942,-2.927,-114.75,timeout,0.0224,0,3805.36,2025-11-26 15:30:00+00:00,2025-11
SQQQ,SHORT,2025-11-28 16:30:00+00:00,2025-12-01 20:30:00+00:00,69.2546,69.0455,-0.802,-30.52,timeout,0.0085,0,3774.84,2025-11-28 16:30:00+00:00,2025-11
SQQQ,SHORT,2025-12-02 14:30:00+00:00,2025-12-03 14:30:00+00:00,68.4217,68.006,-1.108,-41.81,timeout,0.0135,0,3733.03,2025-12-02 14:30:00+00:00,2025-12
SQQQ,SHORT,2025-12-03 15:30:00+00:00,2025-12-04 15:30:00+00:00,68.084,67.5812,-1.239,-46.24,timeout,0.0224,0,3686.8,2025-12-03 15:30:00+00:00,2025-12
SQQQ,SHORT,2025-12-04 16:30:00+00:00,2025-12-05 14:30:00+00:00,67.6538,65.5914,-3.548,-130.83,stop,0.0102,0,3555.97,2025-12-04 16:30:00+00:00,2025-12
SQQQ,SHORT,2025-12-05 15:30:00+00:00,2025-12-08 15:30:00+00:00,65.6728,66.9482,1.442,51.28,timeout,0.0204,1,3607.25,2025-12-05 15:30:00+00:00,2025-12
SQQQ,SHORT,2025-12-08 16:30:00+00:00,2025-12-09 16:30:00+00:00,67.0251,66.6117,-1.117,-40.29,timeout,0.0107,0,3566.96,2025-12-08 16:30:00+00:00,2025-12
SQQQ,SHORT,2025-12-09 17:30:00+00:00,2025-12-10 17:30:00+00:00,66.6733,67.3864,0.569,20.31,timeout,0.0073,1,3587.28,2025-12-09 17:30:00+00:00,2025-12
SQQQ,SHORT,2025-12-10 18:30:00+00:00,2025-12-10 19:30:00+00:00,67.4587,65.4022,-3.548,-127.29,stop,0.0065,0,3459.98,2025-12-10 18:30:00+00:00,2025-12
SQQQ,SHORT,2025-12-10 20:30:00+00:00,2025-12-11 20:30:00+00:00,65.6828,66.5367,0.8,27.68,timeout,0.0206,1,3487.66,2025-12-10 20:30:00+00:00,2025-12
SQQQ,SHORT,2025-12-12 14:30:00+00:00,2025-12-15 14:30:00+00:00,67.883,71.684,5.099,177.85,timeout,0.0165,1,3665.51,2025-12-12 14:30:00+00:00,2025-12
SQQQ,SHORT,2025-12-15 15:30:00+00:00,2025-12-16 15:30:00+00:00,71.7459,72.3438,0.333,12.22,timeout,0.0262,1,3677.73,2025-12-15 15:30:00+00:00,2025-12
SQQQ,SHORT,2025-12-16 16:30:00+00:00,2025-12-17 16:30:00+00:00,72.4262,73.8131,1.415,52.04,timeout,0.0135,1,3729.77,2025-12-16 16:30:00+00:00,2025-12
SQQQ,SHORT,2025-12-17 17:30:00+00:00,2025-12-18 14:30:00+00:00,73.8769,71.6248,-3.549,-132.35,stop,0.0093,0,3597.42,2025-12-17 17:30:00+00:00,2025-12
SQQQ,SHORT,2025-12-18 15:30:00+00:00,2025-12-19 14:30:00+00:00,71.2956,69.1222,-3.548,-127.65,stop,0.0197,0,3469.77,2025-12-18 15:30:00+00:00,2025-12
SQQQ,SHORT,2025-12-19 15:30:00+00:00,2025-12-22 14:30:00+00:00,69.8049,67.6769,-3.548,-123.12,stop,0.0224,0,3346.64,2025-12-19 15:30:00+00:00,2025-12
SQQQ,SHORT,2025-12-22 15:30:00+00:00,2025-12-23 15:30:00+00:00,68.2341,67.7711,-1.179,-39.44,timeout,0.0204,0,3307.2,2025-12-22 15:30:00+00:00,2025-12
SQQQ,SHORT,2025-12-23 16:30:00+00:00,2025-12-24 14:30:00+00:00,67.8339,65.766,-3.549,-117.36,stop,0.0065,0,3189.84,2025-12-23 16:30:00+00:00,2025-12
SQQQ,SHORT,2025-12-24 15:30:00+00:00,2025-12-26 19:30:00+00:00,65.7379,65.2473,-1.246,-39.75,timeout,0.01,0,3150.09,2025-12-24 15:30:00+00:00,2025-12
SQQQ,SHORT,2025-12-26 20:30:00+00:00,2025-12-29 20:30:00+00:00,65.3126,66.2469,0.93,29.31,timeout,0.0031,1,3179.4,2025-12-26 20:30:00+00:00,2025-12
SQQQ,SHORT,2025-12-30 14:30:00+00:00,2025-12-31 14:30:00+00:00,66.6833,67.3313,0.472,15.0,timeout,0.0065,1,3194.39,2025-12-30 14:30:00+00:00,2025-12
SQQQ,SHORT,2025-12-31 15:30:00+00:00,2026-01-02 15:30:00+00:00,67.3937,69.0654,1.981,63.27,timeout,0.0086,1,3257.66,2025-12-31 15:30:00+00:00,2025-12
SQQQ,SHORT,2026-01-02 16:30:00+00:00,2026-01-05 14:30:00+00:00,69.1546,67.0464,-3.548,-115.6,stop,0.0135,0,3142.06,2026-01-02 16:30:00+00:00,2026-01
SQQQ,SHORT,2026-01-05 15:30:00+00:00,2026-01-06 15:30:00+00:00,66.7233,66.6167,-0.66,-20.73,timeout,0.0217,0,3121.33,2026-01-05 15:30:00+00:00,2026-01
SQQQ,SHORT,2026-01-06 16:30:00+00:00,2026-01-07 16:30:00+00:00,66.6983,64.665,-3.548,-110.76,stop,0.0154,0,3010.57,2026-01-06 16:30:00+00:00,2026-01
SQQQ,SHORT,2026-01-07 17:30:00+00:00,2026-01-08 17:30:00+00:00,64.332,66.7366,3.238,97.47,timeout,0.0093,1,3108.05,2026-01-07 17:30:00+00:00,2026-01
SQQQ,SHORT,2026-01-08 18:30:00+00:00,2026-01-09 16:30:00+00:00,66.785,64.749,-3.548,-110.29,stop,0.0093,0,2997.76,2026-01-08 18:30:00+00:00,2026-01
SQQQ,SHORT,2026-01-09 17:30:00+00:00,2026-01-12 17:30:00+00:00,64.8674,64.2129,-1.509,-45.24,timeout,0.0107,0,2952.52,2026-01-09 17:30:00+00:00,2026-01
SQQQ,SHORT,2026-01-12 18:30:00+00:00,2026-01-13 18:30:00+00:00,64.2621,65.1074,0.815,24.08,timeout,0.0073,1,2976.59,2026-01-12 18:30:00+00:00,2026-01
SQQQ,SHORT,2026-01-13 19:30:00+00:00,2026-01-14 19:30:00+00:00,65.1926,67.4213,2.919,86.88,timeout,0.01,1,3063.47,2026-01-13 19:30:00+00:00,2026-01
SQQQ,SHORT,2026-01-14 20:30:00+00:00,2026-01-15 14:30:00+00:00,67.4787,65.4216,-3.548,-108.71,stop,0.0102,0,2954.76,2026-01-14 20:30:00+00:00,2026-01
SQQQ,SHORT,2026-01-15 15:30:00+00:00,2026-01-16 15:30:00+00:00,65.1884,66.2938,1.196,35.33,timeout,0.0224,1,2990.1,2026-01-15 15:30:00+00:00,2026-01
SQQQ,SHORT,2026-01-16 16:30:00+00:00,2026-01-20 16:30:00+00:00,66.3632,69.2154,3.798,113.56,timeout,0.0135,1,3103.66,2026-01-16 16:30:00+00:00,2026-01
SQQQ,SHORT,2026-01-20 17:30:00+00:00,2026-01-21 17:30:00+00:00,69.2846,69.96,0.475,14.74,timeout,0.0093,1,3118.39,2026-01-20 17:30:00+00:00,2026-01
SQQQ,SHORT,2026-01-21 18:30:00+00:00,2026-01-21 19:30:00+00:00,70.005,67.8709,-3.548,-110.66,stop,0.0099,0,3007.74,2026-01-21 18:30:00+00:00,2026-01
SQQQ,SHORT,2026-01-21 20:30:00+00:00,2026-01-22 20:30:00+00:00,67.9139,66.4168,-2.705,-81.34,timeout,0.0203,0,2926.39,2026-01-21 20:30:00+00:00,2026-01
SQQQ,SHORT,2026-01-23 14:30:00+00:00,2026-01-26 14:30:00+00:00,66.9234,64.8833,-3.549,-103.84,stop,0.017,0,2822.55,2026-01-23 14:30:00+00:00,2026-01
SQQQ,SHORT,2026-01-26 15:30:00+00:00,2026-01-27 15:30:00+00:00,65.1075,63.1227,-3.548,-100.16,stop,0.0224,0,2722.39,2026-01-26 15:30:00+00:00,2026-01
SQQQ,SHORT,2026-01-27 16:30:00+00:00,2026-01-28 16:30:00+00:00,63.2516,62.9286,-1.011,-27.51,timeout,0.0098,0,2694.88,2026-01-27 16:30:00+00:00,2026-01
SQQQ,SHORT,2026-01-28 17:30:00+00:00,2026-01-29 17:30:00+00:00,63.0015,64.9325,2.565,69.12,timeout,0.0075,1,2764.0,2026-01-28 17:30:00+00:00,2026-01
SQQQ,SHORT,2026-01-29 18:30:00+00:00,2026-02-02 20:30:00+00:00,64.9925,64.8426,-0.731,-20.2,timeout,0.0135,0,2743.81,2026-01-29 18:30:00+00:00,2026-01
SQQQ,SHORT,2026-02-03 14:30:00+00:00,2026-02-03 18:30:00+00:00,64.3171,69.4278,7.446,204.3,target,0.0287,1,2948.11,2026-02-03 14:30:00+00:00,2026-02
SQQQ,SHORT,2026-02-03 19:30:00+00:00,2026-02-04 19:30:00+00:00,69.1145,71.0005,2.229,65.71,timeout,0.0223,1,3013.81,2026-02-03 19:30:00+00:00,2026-02
SQQQ,SHORT,2026-02-04 20:30:00+00:00,2026-02-05 20:30:00+00:00,71.0705,74.5727,4.428,133.44,timeout,0.0262,1,3147.26,2026-02-04 20:30:00+00:00,2026-02
SQQQ,SHORT,2026-02-06 14:30:00+00:00,2026-02-06 15:30:00+00:00,73.6268,71.3823,-3.548,-111.68,stop,0.0306,0,3035.58,2026-02-06 14:30:00+00:00,2026-02
SQQQ,SHORT,2026-02-06 16:30:00+00:00,2026-02-09 14:30:00+00:00,71.3557,69.1804,-3.548,-107.72,stop,0.0224,0,2927.86,2026-02-06 16:30:00+00:00,2026-02
SQQQ,SHORT,2026-02-09 15:30:00+00:00,2026-02-10 14:30:00+00:00,69.7449,67.6187,-3.549,-103.9,stop,0.0359,0,2823.97,2026-02-09 15:30:00+00:00,2026-02
SQQQ,SHORT,2026-02-10 15:30:00+00:00,2026-02-11 15:30:00+00:00,67.954,69.5452,1.842,52.01,timeout,0.0297,1,2875.97,2026-02-10 15:30:00+00:00,2026-02
SQQQ,SHORT,2026-02-11 16:30:00+00:00,2026-02-12 16:30:00+00:00,69.6148,72.1539,3.147,90.52,timeout,0.0204,1,2966.49,2026-02-11 16:30:00+00:00,2026-02
SQQQ,SHORT,2026-02-12 17:30:00+00:00,2026-02-13 17:30:00+00:00,72.2411,71.3843,-1.686,-50.02,timeout,0.0302,0,2916.47,2026-02-12 17:30:00+00:00,2026-02
SQQQ,SHORT,2026-02-13 18:30:00+00:00,2026-02-17 18:30:00+00:00,71.4557,72.4338,0.869,25.34,timeout,0.0185,1,2941.81,2026-02-13 18:30:00+00:00,2026-02
SQQQ,SHORT,2026-02-17 19:30:00+00:00,2026-02-18 15:30:00+00:00,72.5146,70.304,-3.548,-104.39,stop,0.0172,0,2837.42,2026-02-17 19:30:00+00:00,2026-02
SQQQ,SHORT,2026-02-18 16:30:00+00:00,2026-02-19 16:30:00+00:00,70.255,72.1939,2.26,64.12,timeout,0.0204,1,2901.54,2026-02-18 16:30:00+00:00,2026-02
SQQQ,SHORT,2026-02-19 17:30:00+00:00,2026-02-20 15:30:00+00:00,72.2661,70.0631,-3.548,-102.96,stop,0.0135,0,2798.58,2026-02-19 17:30:00+00:00,2026-02
SQQQ,SHORT,2026-02-20 16:30:00+00:00,2026-02-23 16:30:00+00:00,71.2556,73.1284,2.128,59.56,timeout,0.0225,1,2858.14,2026-02-20 16:30:00+00:00,2026-02
SQQQ,SHORT,2026-02-23 17:30:00+00:00,2026-02-24 14:30:00+00:00,73.1866,70.9555,-3.548,-101.42,stop,0.0153,0,2756.72,2026-02-23 17:30:00+00:00,2026-02
SQQQ,SHORT,2026-02-24 15:30:00+00:00,2026-02-25 14:30:00+00:00,70.8754,68.7148,-3.548,-97.82,stop,0.0336,0,2658.9,2026-02-24 15:30:00+00:00,2026-02
SQQQ,SHORT,2026-02-25 15:30:00+00:00,2026-02-26 15:30:00+00:00,68.114,70.2099,2.577,68.52,timeout,0.0331,1,2727.42,2026-02-25 15:30:00+00:00,2026-02
SQQQ,SHORT,2026-02-26 16:30:00+00:00,2026-02-27 16:30:00+00:00,70.2901,71.1519,0.726,19.8,timeout,0.0231,1,2747.22,2026-02-26 16:30:00+00:00,2026-02
SQQQ,SHORT,2026-02-27 17:30:00+00:00,2026-03-02 17:30:00+00:00,71.2256,70.4622,-1.572,-43.18,timeout,0.0197,0,2704.04,2026-02-27 17:30:00+00:00,2026-02
SQQQ,SHORT,2026-03-02 18:30:00+00:00,2026-03-03 14:30:00+00:00,70.5152,76.1184,7.446,201.34,target,0.0169,1,2905.38,2026-03-02 18:30:00+00:00,2026-03
SQQQ,SHORT,2026-03-03 15:30:00+00:00,2026-03-03 15:30:00+00:00,76.2481,73.9237,-3.548,-103.1,stop,0.0396,0,2802.29,2026-03-03 15:30:00+00:00,2026-03
SQQQ,SHORT,2026-03-03 16:30:00+00:00,2026-03-04 14:30:00+00:00,74.047,71.7897,-3.548,-99.44,stop,0.0232,0,2702.85,2026-03-03 16:30:00+00:00,2026-03
SQQQ,SHORT,2026-03-04 15:30:00+00:00,2026-03-05 15:30:00+00:00,69.5448,70.8645,1.398,37.78,timeout,0.0359,1,2740.62,2026-03-04 15:30:00+00:00,2026-03
SQQQ,SHORT,2026-03-05 16:30:00+00:00,2026-03-06 16:30:00+00:00,70.9304,72.1939,1.281,35.11,timeout,0.0262,1,2775.74,2026-03-05 16:30:00+00:00,2026-03
SQQQ,SHORT,2026-03-06 17:30:00+00:00,2026-03-09 16:30:00+00:00,72.2661,73.913,1.779,49.38,timeout,0.0193,1,2825.11,2026-03-06 17:30:00+00:00,2026-03
SQQQ,SHORT,2026-03-09 17:30:00+00:00,2026-03-09 18:30:00+00:00,73.997,71.7412,-3.548,-100.25,stop,0.0158,0,2724.87,2026-03-09 17:30:00+00:00,2026-03
SQQQ,SHORT,2026-03-09 19:30:00+00:00,2026-03-10 16:30:00+00:00,70.9755,68.8118,-3.549,-96.69,stop,0.0201,0,2628.17,2026-03-09 19:30:00+00:00,2026-03
SQQQ,SHORT,2026-03-10 17:30:00+00:00,2026-03-11 17:30:00+00:00,68.7644,70.9145,2.627,69.04,timeout,0.0222,1,2697.21,2026-03-10 17:30:00+00:00,2026-03
SQQQ,SHORT,2026-03-11 18:30:00+00:00,2026-03-12 18:30:00+00:00,70.9855,73.7331,3.371,90.92,timeout,0.018,1,2788.13,2026-03-11 18:30:00+00:00,2026-03
SQQQ,SHORT,2026-03-12 19:30:00+00:00,2026-03-13 19:30:00+00:00,73.8119,75.7021,2.061,57.46,timeout,0.0203,1,2845.59,2026-03-12 19:30:00+00:00,2026-03
SQQQ,SHORT,2026-03-16 13:30:00+00:00,2026-03-17 13:30:00+00:00,73.3717,71.6441,-2.855,-81.23,timeout,0.0222,0,2764.36,2026-03-16 13:30:00+00:00,2026-03
SQQQ,SHORT,2026-03-17 14:30:00+00:00,2026-03-18 14:30:00+00:00,71.6958,73.1384,1.512,41.8,timeout,0.0262,1,2806.16,2026-03-17 14:30:00+00:00,2026-03
SQQQ,SHORT,2026-03-18 15:30:00+00:00,2026-03-19 15:30:00+00:00,73.2366,76.8416,4.422,124.1,timeout,0.0173,1,2930.25,2026-03-18 15:30:00+00:00,2026-03
SQQQ,SHORT,2026-03-19 16:30:00+00:00,2026-03-20 16:30:00+00:00,76.9084,79.0604,2.298,67.34,timeout,0.0172,1,2997.6,2026-03-19 16:30:00+00:00,2026-03
SQQQ,SHORT,2026-03-20 17:30:00+00:00,2026-03-23 13:30:00+00:00,79.1345,76.7221,-3.548,-106.37,stop,0.0143,0,2891.23,2026-03-20 17:30:00+00:00,2026-03
SQQQ,SHORT,2026-03-23 14:30:00+00:00,2026-03-24 14:30:00+00:00,75.1325,77.931,3.225,93.23,timeout,0.0262,1,2984.46,2026-03-23 14:30:00+00:00,2026-03
SQQQ,SHORT,2026-03-24 15:30:00+00:00,2026-03-25 13:30:00+00:00,78.009,75.6309,-3.548,-105.9,stop,0.0285,0,2878.56,2026-03-24 15:30:00+00:00,2026-03
SQQQ,SHORT,2026-03-25 14:30:00+00:00,2026-03-26 14:30:00+00:00,76.008,79.6601,4.305,123.92,timeout,0.0359,1,3002.48,2026-03-25 14:30:00+00:00,2026-03
SQQQ,SHORT,2026-03-26 15:30:00+00:00,2026-03-27 15:30:00+00:00,79.7499,85.6272,6.87,206.26,timeout,0.018,1,3208.74,2026-03-26 15:30:00+00:00,2026-03
SQQQ,SHORT,2026-03-27 16:30:00+00:00,2026-03-30 16:30:00+00:00,85.7178,88.7356,3.021,96.92,timeout,0.0145,1,3305.66,2026-03-27 16:30:00+00:00,2026-03
SQQQ,SHORT,2026-03-30 17:30:00+00:00,2026-03-31 13:30:00+00:00,88.8045,86.0973,-3.549,-117.3,stop,0.0173,0,3188.36,2026-03-30 17:30:00+00:00,2026-03
SQQQ,SHORT,2026-03-31 14:30:00+00:00,2026-03-31 16:30:00+00:00,84.5122,81.9359,-3.549,-113.14,stop,0.0224,0,3075.22,2026-03-31 14:30:00+00:00,2026-03
SQQQ,SHORT,2026-03-31 17:30:00+00:00,2026-04-01 13:30:00+00:00,81.7509,79.2587,-3.548,-109.12,stop,0.0316,0,2966.1,2026-03-31 17:30:00+00:00,2026-03
SQQQ,SHORT,2026-04-01 14:30:00+00:00,2026-04-02 14:30:00+00:00,77.6688,77.6761,-0.491,-14.55,timeout,0.0331,0,2951.54,2026-04-01 14:30:00+00:00,2026-04
SQQQ,SHORT,2026-04-02 15:30:00+00:00,2026-04-06 13:30:00+00:00,77.7489,75.3787,-3.548,-104.74,stop,0.0341,0,2846.81,2026-04-02 15:30:00+00:00,2026-04
SQQQ,SHORT,2026-04-06 14:30:00+00:00,2026-04-07 14:30:00+00:00,75.968,78.6856,3.077,87.61,timeout,0.0262,1,2934.42,2026-04-06 14:30:00+00:00,2026-04
SQQQ,SHORT,2026-04-07 15:30:00+00:00,2026-04-07 19:30:00+00:00,78.7594,76.3584,-3.548,-104.13,stop,0.0173,0,2830.29,2026-04-07 15:30:00+00:00,2026-04
SQQQ,SHORT,2026-04-08 13:30:00+00:00,2026-04-09 13:30:00+00:00,68.1991,70.0951,2.28,64.54,timeout,0.0172,1,2894.82,2026-04-08 13:30:00+00:00,2026-04
SQQQ,SHORT,2026-04-09 14:30:00+00:00,2026-04-09 15:30:00+00:00,70.1651,68.0261,-3.548,-102.72,stop,0.0331,0,2792.1,2026-04-09 14:30:00+00:00,2026-04
SQQQ,SHORT,2026-04-09 16:30:00+00:00,2026-04-10 16:30:00+00:00,68.1941,67.996,-0.79,-22.07,timeout,0.0185,0,2770.03,2026-04-09 16:30:00+00:00,2026-04
SQQQ,SHORT,2026-04-10 17:30:00+00:00,2026-04-13 17:30:00+00:00,68.074,66.6816,-2.545,-70.51,timeout,0.0078,0,2699.52,2026-04-10 17:30:00+00:00,2026-04
SQQQ,SHORT,2026-04-13 18:30:00+00:00,2026-04-14 13:30:00+00:00,66.7534,64.7184,-3.548,-95.79,stop,0.0078,0,2603.73,2026-04-13 18:30:00+00:00,2026-04
SQQQ,SHORT,2026-04-14 14:30:00+00:00,2026-04-15 13:30:00+00:00,63.5918,61.6532,-3.549,-92.39,stop,0.021,0,2511.34,2026-04-14 14:30:00+00:00,2026-04
SQQQ,SHORT,2026-04-15 14:30:00+00:00,2026-04-16 13:30:00+00:00,61.1305,59.267,-3.549,-89.11,stop,0.0245,0,2422.22,2026-04-15 14:30:00+00:00,2026-04
SQQQ,SHORT,2026-04-16 14:30:00+00:00,2026-04-17 13:30:00+00:00,59.5598,57.7441,-3.548,-85.95,stop,0.0224,0,2336.27,2026-04-16 14:30:00+00:00,2026-04
SQQQ,SHORT,2026-04-17 14:30:00+00:00,2026-04-20 14:30:00+00:00,56.996,57.1214,-0.28,-6.54,timeout,0.0197,0,2329.73,2026-04-17 14:30:00+00:00,2026-04
SQQQ,SHORT,2026-04-20 15:30:00+00:00,2026-04-21 15:30:00+00:00,57.2386,57.1564,-0.644,-14.99,timeout,0.0159,0,2314.74,2026-04-20 15:30:00+00:00,2026-04
SQQQ,SHORT,2026-04-21 16:30:00+00:00,2026-04-22 13:30:00+00:00,57.2283,55.4837,-3.548,-82.14,stop,0.0129,0,2232.6,2026-04-21 16:30:00+00:00,2026-04
SQQQ,SHORT,2026-04-22 14:30:00+00:00,2026-04-23 14:30:00+00:00,55.3827,54.4128,-2.251,-50.26,timeout,0.0223,0,2182.34,2026-04-22 14:30:00+00:00,2026-04
SQQQ,SHORT,2026-04-23 15:30:00+00:00,2026-04-24 15:30:00+00:00,54.4722,52.8116,-3.548,-77.44,stop,0.0146,0,2104.9,2026-04-23 15:30:00+00:00,2026-04
SQQQ,SHORT,2026-04-24 16:30:00+00:00,2026-04-27 16:30:00+00:00,52.7864,52.6237,-0.808,-17.01,timeout,0.0139,0,2087.88,2026-04-24 16:30:00+00:00,2026-04
SQQQ,SHORT,2026-04-27 17:30:00+00:00,2026-04-28 17:30:00+00:00,52.6863,53.983,1.961,40.95,timeout,0.0093,1,2128.83,2026-04-27 17:30:00+00:00,2026-04
SQQQ,SHORT,2026-04-28 18:30:00+00:00,2026-04-29 18:30:00+00:00,54.037,53.2033,-2.043,-43.49,timeout,0.0078,0,2085.34,2026-04-28 18:30:00+00:00,2026-04
SQQQ,SHORT,2026-04-29 19:30:00+00:00,2026-04-30 17:30:00+00:00,53.2666,51.6428,-3.548,-74.0,stop,0.0172,0,2011.34,2026-04-29 19:30:00+00:00,2026-04
SQQQ,SHORT,2026-04-30 18:30:00+00:00,2026-05-01 13:30:00+00:00,51.7959,50.2169,-3.548,-71.37,stop,0.0107,0,1939.97,2026-04-30 18:30:00+00:00,2026-04
SQQQ,SHORT,2026-05-01 14:30:00+00:00,2026-05-04 14:30:00+00:00,50.065,50.5147,0.398,7.73,timeout,0.0282,1,1947.69,2026-05-01 14:30:00+00:00,2026-05
SQQQ,SHORT,2026-05-04 15:30:00+00:00,2026-05-05 13:30:00+00:00,50.5653,49.0238,-3.548,-69.11,stop,0.021,0,1878.58,2026-05-04 15:30:00+00:00,2026-05
SQQQ,SHORT,2026-05-05 14:30:00+00:00,2026-05-06 13:30:00+00:00,48.6893,47.205,-3.548,-66.66,stop,0.0262,0,1811.92,2026-05-05 14:30:00+00:00,2026-05
SQQQ,SHORT,2026-05-06 14:30:00+00:00,2026-05-06 18:30:00+00:00,47.1536,45.7161,-3.549,-64.3,stop,0.03,0,1747.62,2026-05-06 14:30:00+00:00,2026-05
SQQQ,SHORT,2026-05-06 19:30:00+00:00,2026-05-07 19:30:00+00:00,45.7279,45.7271,-0.502,-8.77,timeout,0.0224,0,1738.86,2026-05-06 19:30:00+00:00,2026-05
SQQQ,SHORT,2026-05-08 13:30:00+00:00,2026-05-08 13:30:00+00:00,44.8224,43.456,-3.548,-61.7,stop,0.0261,0,1677.15,2026-05-08 13:30:00+00:00,2026-05
SQQQ,SHORT,2026-05-08 14:30:00+00:00,2026-05-11 13:30:00+00:00,43.7409,42.4074,-3.549,-59.51,stop,0.0359,0,1617.64,2026-05-08 14:30:00+00:00,2026-05
SQQQ,SHORT,2026-05-11 14:30:00+00:00,2026-05-12 14:30:00+00:00,42.8514,44.5877,3.552,57.46,timeout,0.0339,1,1675.1,2026-05-11 14:30:00+00:00,2026-05
SQQQ,SHORT,2026-05-12 15:30:00+00:00,2026-05-12 19:30:00+00:00,44.6173,43.2571,-3.549,-59.44,stop,0.0222,0,1615.66,2026-05-12 15:30:00+00:00,2026-05
SQQQ,SHORT,2026-05-13 13:30:00+00:00,2026-05-13 17:30:00+00:00,42.8914,41.5839,-3.548,-57.33,stop,0.0222,0,1558.32,2026-05-13 13:30:00+00:00,2026-05
SQQQ,SHORT,2026-05-13 18:30:00+00:00,2026-05-14 18:30:00+00:00,41.6808,41.0194,-2.087,-32.52,timeout,0.0231,0,1525.8,2026-05-13 18:30:00+00:00,2026-05
SQQQ,SHORT,2026-05-14 19:30:00+00:00,2026-05-15 19:30:00+00:00,41.0506,42.9635,4.16,63.47,timeout,0.0135,1,1589.27,2026-05-14 19:30:00+00:00,2026-05
SQQQ,SHORT,2026-05-18 13:30:00+00:00,2026-05-19 13:30:00+00:00,42.5363,45.2973,5.991,95.22,timeout,0.0185,1,1684.49,2026-05-18 13:30:00+00:00,2026-05
SQQQ,SHORT,2026-05-19 14:30:00+00:00,2026-05-19 16:30:00+00:00,45.3327,43.9507,-3.548,-59.77,stop,0.0347,0,1624.71,2026-05-19 14:30:00+00:00,2026-05
SQQQ,SHORT,2026-05-19 17:30:00+00:00,2026-05-20 14:30:00+00:00,43.6718,42.3405,-3.549,-57.65,stop,0.0135,0,1567.06,2026-05-19 17:30:00+00:00,2026-05
SQQQ,SHORT,2026-05-20 15:30:00+00:00,2026-05-21 15:30:00+00:00,42.6913,42.7886,-0.272,-4.27,timeout,0.024,0,1562.8,2026-05-20 15:30:00+00:00,2026-05
SQQQ,SHORT,2026-05-21 16:30:00+00:00,2026-05-21 17:30:00+00:00,42.8414,41.5354,-3.549,-55.46,stop,0.0114,0,1507.34,2026-05-21 16:30:00+00:00,2026-05
SQQQ,SHORT,2026-05-21 18:30:00+00:00,2026-05-22 18:30:00+00:00,41.921,41.4992,-1.506,-22.7,timeout,0.0148,0,1484.64,2026-05-21 18:30:00+00:00,2026-05
SQQQ,SHORT,2026-05-22 19:30:00+00:00,2026-05-26 13:30:00+00:00,41.5408,40.2744,-3.548,-52.68,stop,0.0093,0,1431.96,2026-05-22 19:30:00+00:00,2026-05
SQQQ,SHORT,2026-05-26 14:30:00+00:00,2026-05-27 14:30:00+00:00,39.3697,39.7902,0.568,8.14,timeout,0.0225,1,1440.09,2026-05-26 14:30:00+00:00,2026-05
SQQQ,SHORT,2026-05-27 15:30:00+00:00,2026-05-28 14:30:00+00:00,39.8199,38.606,-3.549,-51.1,stop,0.021,0,1388.99,2026-05-27 15:30:00+00:00,2026-05
SQQQ,SHORT,2026-05-28 15:30:00+00:00,2026-05-29 15:30:00+00:00,38.6243,38.0308,-2.037,-28.29,timeout,0.0166,0,1360.7,2026-05-28 15:30:00+00:00,2026-05
SQQQ,SHORT,2026-05-29 16:30:00+00:00,2026-06-01 16:30:00+00:00,38.079,37.2814,-2.595,-35.3,timeout,0.0114,0,1325.4,2026-05-29 16:30:00+00:00,2026-05
SQQQ,SHORT,2026-06-01 17:30:00+00:00,2026-06-02 17:30:00+00:00,37.3186,37.1464,-0.962,-12.74,timeout,0.0114,0,1312.66,2026-06-01 17:30:00+00:00,2026-06
SQQQ,SHORT,2026-06-02 18:30:00+00:00,2026-06-03 18:30:00+00:00,37.1836,37.1664,-0.546,-7.17,timeout,0.0113,0,1305.49,2026-06-02 18:30:00+00:00,2026-06
SQQQ,SHORT,2026-06-03 19:30:00+00:00,2026-06-04 19:30:00+00:00,37.2036,37.7611,0.999,13.04,timeout,0.0146,1,1318.52,2026-06-03 19:30:00+00:00,2026-06
SQQQ,SHORT,2026-06-05 13:30:00+00:00,2026-06-05 18:30:00+00:00,39.4697,42.606,7.446,98.18,target,0.025,1,1416.7,2026-06-05 13:30:00+00:00,2026-06
