ticker,entry_time,exit_time,entry,exit,ret_pct,pnl,reason,proba,win,equity_after,entry_dt,month
ONDS,2024-08-13 16:30:00+00:00,2024-08-13 16:30:00+00:00,0.6837,0.6629,-3.549,-70.97,stop,0.1618,0,9929.03,2024-08-13 16:30:00+00:00,2024-08
SMR,2024-08-13 16:30:00+00:00,2024-08-13 17:30:00+00:00,10.1661,9.8562,-3.548,-70.97,stop,0.1614,0,9858.06,2024-08-13 16:30:00+00:00,2024-08
LUMN,2024-08-13 16:30:00+00:00,2024-08-14 13:30:00+00:00,4.6873,5.0598,7.446,148.92,target,0.2495,1,10006.98,2024-08-13 16:30:00+00:00,2024-08
BW,2024-08-13 16:30:00+00:00,2024-08-14 15:30:00+00:00,1.0615,1.0545,-1.165,-23.3,timeout,0.1919,0,10131.55,2024-08-13 16:30:00+00:00,2024-08
WULF,2024-08-13 16:30:00+00:00,2024-08-14 15:30:00+00:00,3.3637,3.3733,-0.214,-4.27,timeout,0.1567,0,10127.27,2024-08-13 16:30:00+00:00,2024-08
RCAT,2024-08-13 17:30:00+00:00,2024-08-14 13:30:00+00:00,2.6814,2.8945,7.446,147.86,target,0.194,1,10154.84,2024-08-13 17:30:00+00:00,2024-08
VSAT,2024-08-13 18:30:00+00:00,2024-08-14 17:30:00+00:00,16.2581,17.18,5.17,101.94,timeout,0.1919,1,10380.44,2024-08-13 18:30:00+00:00,2024-08
CORZ,2024-08-14 14:30:00+00:00,2024-08-15 13:30:00+00:00,8.8894,8.9305,-0.038,-0.77,timeout,0.1919,0,10306.72,2024-08-14 14:30:00+00:00,2024-08
IBRX,2024-08-14 14:30:00+00:00,2024-08-14 15:30:00+00:00,3.5821,3.8667,7.446,151.23,target,0.1919,1,10278.5,2024-08-14 14:30:00+00:00,2024-08
SMR,2024-08-14 16:30:00+00:00,2024-08-14 19:30:00+00:00,9.815,9.5158,-3.548,-72.95,stop,0.1666,0,10307.49,2024-08-14 16:30:00+00:00,2024-08
OUST,2024-08-14 16:30:00+00:00,2024-08-15 13:30:00+00:00,7.949,7.7066,-3.549,-72.95,stop,0.1919,0,10233.78,2024-08-14 16:30:00+00:00,2024-08
MLYS,2024-08-14 16:30:00+00:00,2024-08-15 15:30:00+00:00,9.0745,9.6352,5.678,116.73,timeout,0.1919,1,10203.68,2024-08-14 16:30:00+00:00,2024-08
CLOV,2024-08-14 18:30:00+00:00,2024-08-15 13:30:00+00:00,2.4562,2.3813,-3.549,-73.67,stop,0.2197,0,10160.11,2024-08-14 18:30:00+00:00,2024-08
LUMN,2024-08-15 13:30:00+00:00,2024-08-15 13:30:00+00:00,5.7897,5.6132,-3.548,-73.15,stop,0.1919,0,10086.95,2024-08-15 13:30:00+00:00,2024-08
OUST,2024-08-15 14:30:00+00:00,2024-08-16 13:30:00+00:00,7.8839,7.6436,-3.549,-71.59,stop,0.1415,0,10132.09,2024-08-15 14:30:00+00:00,2024-08
FTRE,2024-08-15 14:30:00+00:00,2024-08-16 13:30:00+00:00,22.6213,22.4288,-1.351,-27.26,timeout,0.1361,0,10104.84,2024-08-15 14:30:00+00:00,2024-08
AVAH,2024-08-15 14:30:00+00:00,2024-08-16 13:30:00+00:00,4.7794,4.9175,2.391,48.23,timeout,0.1334,1,10153.06,2024-08-15 14:30:00+00:00,2024-08
VSAT,2024-08-15 14:30:00+00:00,2024-08-16 13:30:00+00:00,17.0085,17.6512,3.279,66.14,timeout,0.1307,1,10219.21,2024-08-15 14:30:00+00:00,2024-08
CLOV,2024-08-15 16:30:00+00:00,2024-08-16 15:30:00+00:00,2.6563,2.8674,7.446,151.95,target,0.1888,1,10226.11,2024-08-15 16:30:00+00:00,2024-08
AXTI,2024-08-16 14:30:00+00:00,2024-08-16 15:30:00+00:00,2.9135,2.8246,-3.548,-72.53,stop,0.1919,0,10153.58,2024-08-16 14:30:00+00:00,2024-08
BTDR,2024-08-16 14:30:00+00:00,2024-08-19 13:30:00+00:00,6.3132,6.6168,4.31,88.08,timeout,0.194,1,10170.17,2024-08-16 14:30:00+00:00,2024-08
LUNR,2024-08-16 14:30:00+00:00,2024-08-16 14:30:00+00:00,4.231,4.102,-3.548,-72.53,stop,0.1919,0,10146.68,2024-08-16 14:30:00+00:00,2024-08
SGML,2024-08-16 14:30:00+00:00,2024-08-16 14:30:00+00:00,9.6448,9.3508,-3.548,-72.53,stop,0.1645,0,10074.15,2024-08-16 14:30:00+00:00,2024-08
PL,2024-08-16 15:30:00+00:00,2024-08-16 16:30:00+00:00,2.5313,2.4541,-3.548,-71.5,stop,0.2197,0,10082.08,2024-08-16 15:30:00+00:00,2024-08
LUNR,2024-08-16 15:30:00+00:00,2024-08-19 14:30:00+00:00,4.007,4.1423,2.877,57.97,timeout,0.1919,1,10379.34,2024-08-16 15:30:00+00:00,2024-08
TEM,2024-08-16 16:30:00+00:00,2024-08-19 13:30:00+00:00,50.3952,54.3996,7.446,151.21,target,0.1608,1,10321.37,2024-08-16 16:30:00+00:00,2024-08
NEXT,2024-08-16 16:30:00+00:00,2024-08-19 15:30:00+00:00,4.6076,4.8626,5.034,102.22,timeout,0.1645,1,10631.7,2024-08-16 16:30:00+00:00,2024-08
PL,2024-08-16 17:30:00+00:00,2024-08-19 14:30:00+00:00,2.4912,2.6892,7.446,150.14,target,0.2495,1,10529.49,2024-08-16 17:30:00+00:00,2024-08
TEM,2024-08-19 14:30:00+00:00,2024-08-19 16:30:00+00:00,51.8459,55.9656,7.446,153.71,target,0.2197,1,10635.95,2024-08-19 14:30:00+00:00,2024-08
BTDR,2024-08-19 14:30:00+00:00,2024-08-20 13:30:00+00:00,6.6433,6.7666,1.356,27.99,timeout,0.194,1,10514.6,2024-08-19 14:30:00+00:00,2024-08
LQDA,2024-08-19 15:30:00+00:00,2024-08-19 15:30:00+00:00,9.6048,9.312,-3.549,-74.73,stop,0.194,0,10556.98,2024-08-19 15:30:00+00:00,2024-08
CLOV,2024-08-19 15:30:00+00:00,2024-08-19 15:30:00+00:00,3.2055,3.1078,-3.549,-74.73,stop,0.1888,0,10482.25,2024-08-19 15:30:00+00:00,2024-08
PL,2024-08-19 16:30:00+00:00,2024-08-20 15:30:00+00:00,2.7414,2.7436,-0.418,-8.76,timeout,0.1608,0,10438.31,2024-08-19 16:30:00+00:00,2024-08
MRVI,2024-08-19 16:30:00+00:00,2024-08-20 13:30:00+00:00,9.2896,9.0064,-3.548,-74.39,stop,0.1919,0,10440.2,2024-08-19 16:30:00+00:00,2024-08
LQDA,2024-08-19 16:30:00+00:00,2024-08-19 16:30:00+00:00,9.975,9.6709,-3.548,-74.39,stop,0.1608,0,10561.56,2024-08-19 16:30:00+00:00,2024-08
TEM,2024-08-19 17:30:00+00:00,2024-08-20 13:30:00+00:00,57.1586,61.7004,7.446,157.28,target,0.2495,1,10597.49,2024-08-19 17:30:00+00:00,2024-08
POET,2024-08-19 17:30:00+00:00,2024-08-19 17:30:00+00:00,3.4517,3.3465,-3.549,-74.96,stop,0.1919,0,10486.61,2024-08-19 17:30:00+00:00,2024-08
CLOV,2024-08-19 18:30:00+00:00,2024-08-20 16:30:00+00:00,3.0804,2.9865,-3.548,-74.42,stop,0.1919,0,10363.89,2024-08-19 18:30:00+00:00,2024-08
RKLB,2024-08-20 14:30:00+00:00,2024-08-20 14:30:00+00:00,7.0526,6.8376,-3.548,-75.21,stop,0.1888,0,10522.28,2024-08-20 14:30:00+00:00,2024-08
BW,2024-08-20 14:30:00+00:00,2024-08-20 14:30:00+00:00,1.0455,1.0136,-3.548,-75.21,stop,0.1645,0,10447.07,2024-08-20 14:30:00+00:00,2024-08
MRVI,2024-08-20 14:30:00+00:00,2024-08-21 13:30:00+00:00,8.8544,8.8406,-0.656,-13.91,timeout,0.1888,0,10275.83,2024-08-20 14:30:00+00:00,2024-08
POET,2024-08-20 15:30:00+00:00,2024-08-20 18:30:00+00:00,3.2366,3.1379,-3.548,-74.14,stop,0.1608,0,10289.74,2024-08-20 15:30:00+00:00,2024-08
ASTS,2024-08-20 15:30:00+00:00,2024-08-21 13:30:00+00:00,33.5968,32.5726,-3.548,-74.14,stop,0.1608,0,10201.69,2024-08-20 15:30:00+00:00,2024-08
TEM,2024-08-20 16:30:00+00:00,2024-08-21 13:30:00+00:00,58.179,62.8019,7.446,155.45,target,0.2197,1,10357.14,2024-08-20 16:30:00+00:00,2024-08
WULF,2024-08-20 17:30:00+00:00,2024-08-21 16:30:00+00:00,4.6273,4.4862,-3.548,-73.55,stop,0.1608,0,10287.63,2024-08-20 17:30:00+00:00,2024-08
POET,2024-08-20 19:30:00+00:00,2024-08-21 13:30:00+00:00,3.1266,3.375,7.446,153.23,target,0.1919,1,10510.37,2024-08-20 19:30:00+00:00,2024-08
TEM,2024-08-21 14:30:00+00:00,2024-08-21 16:30:00+00:00,63.7117,68.7743,7.446,156.52,target,0.1512,1,10444.15,2024-08-21 14:30:00+00:00,2024-08
LQDA,2024-08-21 14:30:00+00:00,2024-08-22 13:30:00+00:00,9.4647,9.6352,1.301,27.35,timeout,0.1608,1,10323.9,2024-08-21 14:30:00+00:00,2024-08
ASTS,2024-08-21 14:30:00+00:00,2024-08-21 14:30:00+00:00,35.958,34.8618,-3.548,-74.59,stop,0.1468,0,10435.78,2024-08-21 14:30:00+00:00,2024-08
POET,2024-08-21 14:30:00+00:00,2024-08-21 15:30:00+00:00,3.2616,3.1622,-3.548,-74.59,stop,0.1512,0,10361.19,2024-08-21 14:30:00+00:00,2024-08
BBAI,2024-08-21 15:30:00+00:00,2024-08-21 18:30:00+00:00,1.7409,1.6878,-3.548,-74.06,stop,0.1919,0,10370.09,2024-08-21 15:30:00+00:00,2024-08
ONDS,2024-08-21 16:30:00+00:00,2024-08-21 19:30:00+00:00,0.8903,0.8632,-3.549,-73.53,stop,0.1919,0,10296.56,2024-08-21 16:30:00+00:00,2024-08
ASTS,2024-08-21 17:30:00+00:00,2024-08-22 13:30:00+00:00,36.9245,35.7988,-3.548,-74.12,stop,0.194,0,10249.78,2024-08-21 17:30:00+00:00,2024-08
TEM,2024-08-21 17:30:00+00:00,2024-08-22 13:30:00+00:00,68.7944,66.6972,-3.549,-74.12,stop,0.1919,0,10175.66,2024-08-21 17:30:00+00:00,2024-08
BBAI,2024-08-21 19:30:00+00:00,2024-08-22 13:30:00+00:00,1.6958,1.6441,-3.549,-73.6,stop,0.1919,0,10102.06,2024-08-21 19:30:00+00:00,2024-08
EOSE,2024-08-22 13:30:00+00:00,2024-08-22 13:30:00+00:00,2.3612,2.2892,-3.549,-73.07,stop,0.2197,0,10028.99,2024-08-22 13:30:00+00:00,2024-08
IBRX,2024-08-22 14:30:00+00:00,2024-08-23 13:30:00+00:00,4.2371,4.3128,1.287,25.82,timeout,0.1645,1,9630.27,2024-08-22 14:30:00+00:00,2024-08
RKLB,2024-08-22 14:30:00+00:00,2024-08-22 17:30:00+00:00,7.1486,6.9306,-3.548,-71.18,stop,0.1614,0,9673.62,2024-08-22 14:30:00+00:00,2024-08
EOSE,2024-08-22 14:30:00+00:00,2024-08-22 15:30:00+00:00,2.4211,2.3473,-3.549,-71.18,stop,0.1608,0,9815.46,2024-08-22 14:30:00+00:00,2024-08
ASTS,2024-08-22 14:30:00+00:00,2024-08-22 14:30:00+00:00,35.0775,34.0082,-3.548,-71.18,stop,0.1614,0,9957.81,2024-08-22 14:30:00+00:00,2024-08
BBAI,2024-08-22 14:30:00+00:00,2024-08-22 15:30:00+00:00,1.6208,1.5714,-3.549,-71.18,stop,0.1919,0,9886.64,2024-08-22 14:30:00+00:00,2024-08
BW,2024-08-22 15:30:00+00:00,2024-08-22 15:30:00+00:00,1.2006,1.164,-3.549,-70.67,stop,0.1919,0,9744.79,2024-08-22 15:30:00+00:00,2024-08
LUNR,2024-08-22 16:30:00+00:00,2024-08-22 17:30:00+00:00,5.2576,5.0973,-3.548,-69.16,stop,0.1919,0,9604.46,2024-08-22 16:30:00+00:00,2024-08
BBAI,2024-08-22 16:30:00+00:00,2024-08-23 13:30:00+00:00,1.6407,1.5907,-3.549,-69.16,stop,0.1919,0,9561.12,2024-08-22 16:30:00+00:00,2024-08
BW,2024-08-22 16:30:00+00:00,2024-08-23 15:30:00+00:00,1.2005,1.2644,4.82,93.94,timeout,0.2197,1,9941.12,2024-08-22 16:30:00+00:00,2024-08
ASTS,2024-08-22 18:30:00+00:00,2024-08-23 13:30:00+00:00,34.1371,36.8496,7.446,143.03,target,0.1666,1,9704.15,2024-08-22 18:30:00+00:00,2024-08
TEM,2024-08-22 18:30:00+00:00,2024-08-23 13:30:00+00:00,62.5413,67.5108,7.446,143.03,target,0.1608,1,9847.17,2024-08-22 18:30:00+00:00,2024-08
CLMT,2024-08-23 14:30:00+00:00,2024-08-26 13:30:00+00:00,19.98,19.5702,-2.551,-50.24,timeout,0.1223,0,9978.44,2024-08-23 14:30:00+00:00,2024-08
PAGS,2024-08-23 14:30:00+00:00,2024-08-26 13:30:00+00:00,11.5308,11.7854,1.708,33.65,timeout,0.1257,1,10050.85,2024-08-23 14:30:00+00:00,2024-08
HTZ,2024-08-23 14:30:00+00:00,2024-08-26 13:30:00+00:00,3.3242,3.3033,-1.126,-22.18,timeout,0.1238,0,10028.67,2024-08-23 14:30:00+00:00,2024-08
PTON,2024-08-23 14:30:00+00:00,2024-08-23 17:30:00+00:00,4.5673,4.9302,7.446,146.64,target,0.1444,1,10087.76,2024-08-23 14:30:00+00:00,2024-08
ASTS,2024-08-23 16:30:00+00:00,2024-08-23 17:30:00+00:00,33.8269,32.7957,-3.548,-70.55,stop,0.1923,0,10017.21,2024-08-23 16:30:00+00:00,2024-08
ASTS,2024-08-23 18:30:00+00:00,2024-08-26 13:30:00+00:00,32.7563,31.7577,-3.548,-71.09,stop,0.1923,0,9907.34,2024-08-23 18:30:00+00:00,2024-08
APLD,2024-08-23 18:30:00+00:00,2024-08-26 17:30:00+00:00,4.6024,4.8326,4.501,90.18,timeout,0.1645,1,9997.53,2024-08-23 18:30:00+00:00,2024-08
DNN,2024-08-26 14:30:00+00:00,2024-08-26 19:30:00+00:00,1.7459,1.6926,-3.548,-70.31,stop,0.1888,0,9927.21,2024-08-26 14:30:00+00:00,2024-08
AUR,2024-08-26 14:30:00+00:00,2024-08-27 13:30:00+00:00,4.3515,4.2188,-3.548,-70.31,stop,0.194,0,9856.9,2024-08-26 14:30:00+00:00,2024-08
LIND,2024-08-26 14:30:00+00:00,2024-08-27 13:30:00+00:00,10.4352,10.6447,1.507,29.87,timeout,0.1608,1,9886.77,2024-08-26 14:30:00+00:00,2024-08
ARQT,2024-08-26 14:30:00+00:00,2024-08-27 13:30:00+00:00,10.1351,10.5747,3.838,76.05,timeout,0.1468,1,9962.81,2024-08-26 14:30:00+00:00,2024-08
CLOV,2024-08-26 18:30:00+00:00,2024-08-27 16:30:00+00:00,3.252,3.1529,-3.548,-70.95,stop,0.1598,0,9891.86,2024-08-26 18:30:00+00:00,2024-08
ASTS,2024-08-27 13:30:00+00:00,2024-08-27 17:30:00+00:00,33.0165,32.01,-3.548,-70.45,stop,0.1334,0,9821.41,2024-08-27 13:30:00+00:00,2024-08
COMP,2024-08-27 14:30:00+00:00,2024-08-28 13:30:00+00:00,5.6058,5.4349,-3.548,-70.71,stop,0.1608,0,9609.29,2024-08-27 14:30:00+00:00,2024-08
QXO,2024-08-27 14:30:00+00:00,2024-08-28 13:30:00+00:00,14.7574,14.3075,-3.548,-70.71,stop,0.1645,0,9750.7,2024-08-27 14:30:00+00:00,2024-08
AUR,2024-08-27 14:30:00+00:00,2024-08-28 13:30:00+00:00,4.1987,4.0707,-3.549,-70.71,stop,0.1608,0,9679.99,2024-08-27 14:30:00+00:00,2024-08
PSNY,2024-08-27 17:30:00+00:00,2024-08-28 13:30:00+00:00,32.7164,31.719,-3.548,-70.2,stop,0.1512,0,9539.09,2024-08-27 17:30:00+00:00,2024-08
LUMN,2024-08-27 18:30:00+00:00,2024-08-28 17:30:00+00:00,5.0225,5.2474,3.977,78.12,timeout,0.1444,1,9346.41,2024-08-27 18:30:00+00:00,2024-08
HUT,2024-08-28 14:30:00+00:00,2024-08-28 14:30:00+00:00,10.3853,10.0687,-3.549,-67.7,stop,0.1919,0,9471.39,2024-08-28 14:30:00+00:00,2024-08
TEM,2024-08-28 14:30:00+00:00,2024-08-28 14:30:00+00:00,62.7615,60.8482,-3.548,-67.7,stop,0.1415,0,9403.69,2024-08-28 14:30:00+00:00,2024-08
APLD,2024-08-28 14:30:00+00:00,2024-08-28 14:30:00+00:00,4.4047,4.2704,-3.548,-67.7,stop,0.1334,0,9335.99,2024-08-28 14:30:00+00:00,2024-08
PSNY,2024-08-28 14:30:00+00:00,2024-08-28 15:30:00+00:00,29.5438,28.6431,-3.548,-67.7,stop,0.1608,0,9268.29,2024-08-28 14:30:00+00:00,2024-08
CLOV,2024-08-28 15:30:00+00:00,2024-08-29 14:30:00+00:00,3.0965,3.0021,-3.548,-66.26,stop,0.1923,0,9869.46,2024-08-28 15:30:00+00:00,2024-08
SMCI,2024-08-28 15:30:00+00:00,2024-08-28 18:30:00+00:00,40.2971,43.4991,7.446,139.03,target,0.2197,1,9485.44,2024-08-28 15:30:00+00:00,2024-08
HUT,2024-08-28 15:30:00+00:00,2024-08-29 14:30:00+00:00,10.1551,10.7296,5.158,96.31,timeout,0.2197,1,9935.72,2024-08-28 15:30:00+00:00,2024-08
PSNY,2024-08-28 16:30:00+00:00,2024-08-28 18:30:00+00:00,28.5683,27.6974,-3.548,-65.78,stop,0.2197,0,9419.67,2024-08-28 16:30:00+00:00,2024-08
UPST,2024-08-28 18:30:00+00:00,2024-08-29 13:30:00+00:00,41.5408,44.8416,7.446,139.19,target,0.1791,1,9558.85,2024-08-28 18:30:00+00:00,2024-08
EOSE,2024-08-28 19:30:00+00:00,2024-08-29 13:30:00+00:00,2.2111,2.3868,7.446,140.28,target,0.1567,1,9839.41,2024-08-28 19:30:00+00:00,2024-08
PSNY,2024-08-28 19:30:00+00:00,2024-08-29 13:30:00+00:00,27.986,30.2098,7.446,140.28,target,0.1919,1,9699.13,2024-08-28 19:30:00+00:00,2024-08
OPEN,2024-08-29 14:30:00+00:00,2024-08-29 14:30:00+00:00,2.1161,2.0515,-3.548,-69.83,stop,0.1468,0,9799.63,2024-08-29 14:30:00+00:00,2024-08
ASTS,2024-08-29 14:30:00+00:00,2024-08-29 16:30:00+00:00,29.6649,28.7606,-3.548,-69.83,stop,0.1512,0,9729.8,2024-08-29 14:30:00+00:00,2024-08
ERAS,2024-08-29 14:30:00+00:00,2024-08-30 13:30:00+00:00,2.8664,2.8486,-1.123,-22.1,timeout,0.1334,0,9784.58,2024-08-29 14:30:00+00:00,2024-08
EOSE,2024-08-29 15:30:00+00:00,2024-08-29 17:30:00+00:00,2.5763,2.781,7.446,145.94,target,0.1919,1,9875.73,2024-08-29 15:30:00+00:00,2024-08
PSNY,2024-08-29 15:30:00+00:00,2024-08-30 13:30:00+00:00,32.2661,34.83,7.446,145.94,target,0.1888,1,9930.52,2024-08-29 15:30:00+00:00,2024-08
OPEN,2024-08-29 15:30:00+00:00,2024-08-30 14:30:00+00:00,2.061,2.2248,7.446,145.94,target,0.1919,1,10076.45,2024-08-29 15:30:00+00:00,2024-08
APLD,2024-08-29 17:30:00+00:00,2024-08-29 18:30:00+00:00,3.972,3.8509,-3.548,-69.05,stop,0.1608,0,9806.68,2024-08-29 17:30:00+00:00,2024-08
ASTS,2024-08-29 18:30:00+00:00,2024-08-30 14:30:00+00:00,29.1446,31.4604,7.446,147.07,target,0.1468,1,10223.52,2024-08-29 18:30:00+00:00,2024-08
CIFR,2024-08-29 19:30:00+00:00,2024-08-30 15:30:00+00:00,3.6093,3.4993,-3.549,-69.6,stop,0.1567,0,10153.93,2024-08-29 19:30:00+00:00,2024-08
RCAT,2024-08-30 14:30:00+00:00,2024-09-03 13:30:00+00:00,3.0815,3.0885,-0.276,-5.47,timeout,0.1645,0,10158.16,2024-08-30 14:30:00+00:00,2024-08
EOSE,2024-08-30 14:30:00+00:00,2024-08-30 16:30:00+00:00,2.6363,2.5559,-3.549,-70.48,stop,0.1919,0,10083.45,2024-08-30 14:30:00+00:00,2024-08
APLD,2024-08-30 15:30:00+00:00,2024-08-30 19:30:00+00:00,3.4017,3.672,7.446,152.25,target,0.1919,1,10163.64,2024-08-30 15:30:00+00:00,2024-08
SMCI,2024-08-30 15:30:00+00:00,2024-09-03 13:30:00+00:00,42.7214,46.116,7.446,152.25,target,0.1608,1,10310.41,2024-08-30 15:30:00+00:00,2024-08
LUNR,2024-08-30 16:30:00+00:00,2024-08-30 18:30:00+00:00,5.2927,5.1314,-3.548,-72.06,stop,0.1334,0,10011.39,2024-08-30 16:30:00+00:00,2024-08
EOSE,2024-08-30 17:30:00+00:00,2024-09-03 13:30:00+00:00,2.5663,2.488,-3.548,-71.56,stop,0.1444,0,10238.85,2024-08-30 17:30:00+00:00,2024-08
LUNR,2024-08-30 19:30:00+00:00,2024-09-03 13:30:00+00:00,5.0885,4.9334,-3.548,-71.05,stop,0.1645,0,10167.8,2024-08-30 19:30:00+00:00,2024-08
CLOV,2024-09-03 13:30:00+00:00,2024-09-03 14:30:00+00:00,2.5913,2.5123,-3.549,-72.13,stop,0.1888,0,10095.67,2024-09-03 13:30:00+00:00,2024-09
APLD,2024-09-03 14:30:00+00:00,2024-09-03 14:30:00+00:00,3.4017,3.298,-3.549,-72.16,stop,0.2197,0,10023.51,2024-09-03 14:30:00+00:00,2024-09
IREN,2024-09-03 14:30:00+00:00,2024-09-03 15:30:00+00:00,7.1936,6.9743,-3.548,-72.16,stop,0.1512,0,9951.34,2024-09-03 14:30:00+00:00,2024-09
ALAB,2024-09-03 14:30:00+00:00,2024-09-03 17:30:00+00:00,40.4802,39.2462,-3.549,-72.16,stop,0.1512,0,9808.56,2024-09-03 14:30:00+00:00,2024-09
EOSE,2024-09-03 14:30:00+00:00,2024-09-04 13:30:00+00:00,2.4762,2.4007,-3.549,-72.16,stop,0.1444,0,9665.26,2024-09-03 14:30:00+00:00,2024-09
APLD,2024-09-03 15:30:00+00:00,2024-09-03 19:30:00+00:00,3.2566,3.1573,-3.548,-71.14,stop,0.1919,0,9737.42,2024-09-03 15:30:00+00:00,2024-09
CLOV,2024-09-03 15:30:00+00:00,2024-09-04 13:30:00+00:00,2.5063,2.7054,7.446,149.27,target,0.1919,1,9814.53,2024-09-03 15:30:00+00:00,2024-09
PSNY,2024-09-03 16:30:00+00:00,2024-09-03 16:30:00+00:00,42.6183,41.3191,-3.548,-70.62,stop,0.2197,0,9880.72,2024-09-03 16:30:00+00:00,2024-09
PSNY,2024-09-03 17:30:00+00:00,2024-09-04 13:30:00+00:00,41.2706,40.0125,-3.548,-70.12,stop,0.2197,0,9744.41,2024-09-03 17:30:00+00:00,2024-09
DYN,2024-09-03 18:30:00+00:00,2024-09-04 14:30:00+00:00,30.7854,33.2316,7.446,146.07,target,0.1919,1,9890.48,2024-09-03 18:30:00+00:00,2024-09
APLD,2024-09-12 17:30:00+00:00,2024-09-13 13:30:00+00:00,5.9242,6.3949,7.446,147.29,target,0.1656,1,10037.77,2024-09-12 17:30:00+00:00,2024-09
SMMT,2024-09-12 17:30:00+00:00,2024-09-13 13:30:00+00:00,27.4392,29.6195,7.446,147.29,target,0.1456,1,10185.06,2024-09-12 17:30:00+00:00,2024-09
WULF,2024-09-12 17:30:00+00:00,2024-09-13 13:30:00+00:00,4.4219,4.2871,-3.548,-70.19,stop,0.1289,0,10114.86,2024-09-12 17:30:00+00:00,2024-09
EOSE,2024-09-12 17:30:00+00:00,2024-09-13 16:30:00+00:00,2.5813,2.741,5.688,112.52,timeout,0.1919,1,10227.38,2024-09-12 17:30:00+00:00,2024-09
HUT,2024-09-12 17:30:00+00:00,2024-09-13 16:30:00+00:00,10.9054,11.2744,2.883,57.02,timeout,0.1297,1,10284.41,2024-09-12 17:30:00+00:00,2024-09
RLAY,2024-09-13 14:30:00+00:00,2024-09-13 19:30:00+00:00,7.6338,7.4011,-3.548,-71.79,stop,0.194,0,10140.84,2024-09-13 14:30:00+00:00,2024-09
HYMC,2024-09-13 14:30:00+00:00,2024-09-13 19:30:00+00:00,2.4812,2.6784,7.446,150.63,target,0.1618,1,10291.47,2024-09-13 14:30:00+00:00,2024-09
OPEN,2024-09-13 14:30:00+00:00,2024-09-13 16:30:00+00:00,2.3612,2.2892,-3.549,-71.79,stop,0.1512,0,10212.62,2024-09-13 14:30:00+00:00,2024-09
APLD,2024-09-13 17:30:00+00:00,2024-09-16 13:30:00+00:00,6.083,5.8976,-3.549,-72.48,stop,0.1666,0,10218.99,2024-09-13 17:30:00+00:00,2024-09
OPEN,2024-09-13 17:30:00+00:00,2024-09-16 13:30:00+00:00,2.2861,2.2164,-3.549,-72.48,stop,0.1608,0,10146.51,2024-09-13 17:30:00+00:00,2024-09
NVTS,2024-09-13 17:30:00+00:00,2024-09-16 15:30:00+00:00,2.5363,2.4589,-3.549,-72.48,stop,0.1614,0,9927.95,2024-09-13 17:30:00+00:00,2024-09
SMMT,2024-09-16 13:30:00+00:00,2024-09-16 13:30:00+00:00,32.5162,31.525,-3.548,-73.04,stop,0.1888,0,10073.47,2024-09-16 13:30:00+00:00,2024-09
TSAT,2024-09-16 13:30:00+00:00,2024-09-16 14:30:00+00:00,12.026,11.6594,-3.549,-73.04,stop,0.1608,0,10000.43,2024-09-16 13:30:00+00:00,2024-09
CORZ,2024-09-16 14:30:00+00:00,2024-09-17 13:30:00+00:00,11.1956,11.5524,2.687,54.14,timeout,0.1645,1,9782.8,2024-09-16 14:30:00+00:00,2024-09
HYMC,2024-09-16 14:30:00+00:00,2024-09-16 15:30:00+00:00,2.6413,2.5608,-3.549,-71.49,stop,0.1512,0,9856.46,2024-09-16 14:30:00+00:00,2024-09
OPEN,2024-09-16 14:30:00+00:00,2024-09-16 17:30:00+00:00,2.1461,2.3166,7.446,150.01,target,0.1512,1,9866.57,2024-09-16 14:30:00+00:00,2024-09
VSAT,2024-09-16 15:30:00+00:00,2024-09-17 14:30:00+00:00,12.9565,13.4233,3.103,62.06,timeout,0.1919,1,9921.23,2024-09-16 15:30:00+00:00,2024-09
TSAT,2024-09-16 16:30:00+00:00,2024-09-16 16:30:00+00:00,11.2356,10.8931,-3.548,-69.95,stop,0.1919,0,9786.51,2024-09-16 16:30:00+00:00,2024-09
TMC,2024-09-16 16:30:00+00:00,2024-09-16 16:30:00+00:00,1.0805,1.0476,-3.548,-69.95,stop,0.1645,0,9716.56,2024-09-16 16:30:00+00:00,2024-09
TMC,2024-09-16 17:30:00+00:00,2024-09-16 19:30:00+00:00,1.1006,1.067,-3.548,-68.96,stop,0.1919,0,9728.66,2024-09-16 17:30:00+00:00,2024-09
SMMT,2024-09-16 17:30:00+00:00,2024-09-16 17:30:00+00:00,30.6453,29.7111,-3.548,-68.96,stop,0.1888,0,9797.62,2024-09-16 17:30:00+00:00,2024-09
SMMT,2024-09-16 18:30:00+00:00,2024-09-17 13:30:00+00:00,29.594,28.6918,-3.548,-69.53,stop,0.161,0,9713.26,2024-09-16 18:30:00+00:00,2024-09
IEP,2024-09-16 18:30:00+00:00,2024-09-17 13:30:00+00:00,12.1961,13.1652,7.446,145.91,target,0.1512,1,9859.17,2024-09-16 18:30:00+00:00,2024-09
TSAT,2024-09-17 13:30:00+00:00,2024-09-17 15:30:00+00:00,10.5353,11.3724,7.446,144.88,target,0.1919,1,10066.11,2024-09-17 13:30:00+00:00,2024-09
TMC,2024-09-17 14:30:00+00:00,2024-09-17 16:30:00+00:00,1.0505,1.0185,-3.548,-69.97,stop,0.1608,0,9996.14,2024-09-17 14:30:00+00:00,2024-09
SEDG,2024-09-17 14:30:00+00:00,2024-09-18 13:30:00+00:00,21.976,22.3688,1.288,25.39,timeout,0.1444,1,9879.68,2024-09-17 14:30:00+00:00,2024-09
SMMT,2024-09-17 14:30:00+00:00,2024-09-18 13:30:00+00:00,26.2231,25.4237,-3.548,-69.97,stop,0.1444,0,9809.71,2024-09-17 14:30:00+00:00,2024-09
WULF,2024-09-17 15:30:00+00:00,2024-09-17 16:30:00+00:00,4.3322,4.2001,-3.549,-70.41,stop,0.1645,0,9925.73,2024-09-17 15:30:00+00:00,2024-09
TNGX,2024-09-17 16:30:00+00:00,2024-09-17 17:30:00+00:00,8.7644,8.4972,-3.549,-71.44,stop,0.1888,0,9854.29,2024-09-17 16:30:00+00:00,2024-09
CAPR,2024-09-17 17:30:00+00:00,2024-09-18 13:30:00+00:00,5.1126,5.5188,7.446,147.81,target,0.1468,1,9957.52,2024-09-17 17:30:00+00:00,2024-09
TMC,2024-09-17 17:30:00+00:00,2024-09-18 16:30:00+00:00,1.0205,1.0191,-0.639,-12.69,timeout,0.1444,0,9874.16,2024-09-17 17:30:00+00:00,2024-09
AMLX,2024-09-17 18:30:00+00:00,2024-09-18 17:30:00+00:00,2.8764,2.9535,2.18,42.96,timeout,0.1888,1,9917.13,2024-09-17 18:30:00+00:00,2024-09
IEP,2024-09-18 14:30:00+00:00,2024-09-19 13:30:00+00:00,13.4367,13.0271,-3.548,-70.67,stop,0.1512,0,9860.66,2024-09-18 14:30:00+00:00,2024-09
TEM,2024-09-18 14:30:00+00:00,2024-09-19 13:30:00+00:00,49.9831,53.9547,7.446,148.29,target,0.1645,1,9931.33,2024-09-18 14:30:00+00:00,2024-09
SMMT,2024-09-18 14:30:00+00:00,2024-09-18 14:30:00+00:00,25.3995,24.6252,-3.549,-70.67,stop,0.1608,0,9886.85,2024-09-18 14:30:00+00:00,2024-09
SEDG,2024-09-18 15:30:00+00:00,2024-09-18 18:30:00+00:00,21.9645,23.7098,7.446,147.23,target,0.1527,1,10064.36,2024-09-18 15:30:00+00:00,2024-09
APLD,2024-09-18 17:30:00+00:00,2024-09-18 18:30:00+00:00,6.4332,6.2371,-3.548,-70.08,stop,0.1645,0,9994.28,2024-09-18 17:30:00+00:00,2024-09
BTDR,2024-09-18 18:30:00+00:00,2024-09-18 18:30:00+00:00,7.4537,7.2265,-3.548,-70.38,stop,0.1645,0,9923.9,2024-09-18 18:30:00+00:00,2024-09
TNGX,2024-09-18 19:30:00+00:00,2024-09-19 18:30:00+00:00,8.3342,8.2959,-0.96,-19.05,timeout,0.1919,0,9855.93,2024-09-18 19:30:00+00:00,2024-09
LUNR,2024-09-18 19:30:00+00:00,2024-09-18 19:30:00+00:00,7.6738,7.4399,-3.548,-70.43,stop,0.1919,0,9853.47,2024-09-18 19:30:00+00:00,2024-09
APLD,2024-09-18 19:30:00+00:00,2024-09-18 19:30:00+00:00,6.2431,6.0528,-3.548,-70.43,stop,0.1645,0,9783.04,2024-09-18 19:30:00+00:00,2024-09
APLD,2024-09-19 13:30:00+00:00,2024-09-19 13:30:00+00:00,6.4162,6.2206,-3.548,-69.43,stop,0.1645,0,9791.23,2024-09-19 13:30:00+00:00,2024-09
LUNR,2024-09-19 13:30:00+00:00,2024-09-19 13:30:00+00:00,7.6838,7.4496,-3.548,-69.43,stop,0.1527,0,9721.8,2024-09-19 13:30:00+00:00,2024-09
TYRA,2024-09-19 14:30:00+00:00,2024-09-19 14:30:00+00:00,24.5072,23.7601,-3.548,-69.0,stop,0.1361,0,9652.8,2024-09-19 14:30:00+00:00,2024-09
LUNR,2024-09-19 14:30:00+00:00,2024-09-19 16:30:00+00:00,7.804,8.4241,7.446,144.78,target,0.1415,1,9797.58,2024-09-19 14:30:00+00:00,2024-09
SMMT,2024-09-19 14:30:00+00:00,2024-09-19 18:30:00+00:00,23.8219,23.0957,-3.548,-69.0,stop,0.1361,0,9786.94,2024-09-19 14:30:00+00:00,2024-09
NVTS,2024-09-19 14:30:00+00:00,2024-09-20 13:30:00+00:00,2.3612,2.2892,-3.549,-69.0,stop,0.1334,0,9577.78,2024-09-19 14:30:00+00:00,2024-09
TYRA,2024-09-19 15:30:00+00:00,2024-09-19 17:30:00+00:00,24.8624,24.1045,-3.548,-68.51,stop,0.1919,0,9729.08,2024-09-19 15:30:00+00:00,2024-09
LUNR,2024-09-19 17:30:00+00:00,2024-09-19 17:30:00+00:00,8.7394,9.4338,7.446,145.91,target,0.1919,1,9874.98,2024-09-19 17:30:00+00:00,2024-09
LUNR,2024-09-19 18:30:00+00:00,2024-09-19 18:30:00+00:00,9.3768,9.0909,-3.549,-70.08,stop,0.1919,0,9716.85,2024-09-19 18:30:00+00:00,2024-09
APLD,2024-09-19 18:30:00+00:00,2024-09-19 19:30:00+00:00,5.7128,5.5386,-3.548,-70.08,stop,0.1567,0,9646.77,2024-09-19 18:30:00+00:00,2024-09
LUNR,2024-09-19 19:30:00+00:00,2024-09-20 13:30:00+00:00,9.0546,8.7786,-3.549,-68.96,stop,0.1919,0,9508.82,2024-09-19 19:30:00+00:00,2024-09
EWTX,2024-09-19 19:30:00+00:00,2024-09-20 13:30:00+00:00,29.4347,28.5374,-3.548,-68.96,stop,0.1444,0,9439.85,2024-09-19 19:30:00+00:00,2024-09
WULF,2024-09-19 19:30:00+00:00,2024-09-20 18:30:00+00:00,4.4772,4.5777,1.744,33.89,timeout,0.1919,1,9272.74,2024-09-19 19:30:00+00:00,2024-09
TEM,2024-09-20 13:30:00+00:00,2024-09-20 13:30:00+00:00,51.3757,49.8095,-3.548,-68.46,stop,0.1312,0,9371.39,2024-09-20 13:30:00+00:00,2024-09
ENVX,2024-09-20 14:30:00+00:00,2024-09-23 13:30:00+00:00,8.2791,8.6857,4.41,82.66,timeout,0.1645,1,9355.4,2024-09-20 14:30:00+00:00,2024-09
LUNR,2024-09-20 14:30:00+00:00,2024-09-20 14:30:00+00:00,9.785,9.4867,-3.549,-66.51,stop,0.1919,0,9304.88,2024-09-20 14:30:00+00:00,2024-09
KSPI,2024-09-20 14:30:00+00:00,2024-09-23 13:30:00+00:00,96.7984,101.2194,4.067,76.23,timeout,0.1608,1,9571.19,2024-09-20 14:30:00+00:00,2024-09
CORZ,2024-09-20 14:30:00+00:00,2024-09-23 13:30:00+00:00,11.3247,12.2245,7.446,139.56,target,0.1614,1,9494.96,2024-09-20 14:30:00+00:00,2024-09
LUNR,2024-09-20 15:30:00+00:00,2024-09-20 15:30:00+00:00,9.4247,9.1374,-3.549,-66.04,stop,0.1608,0,9238.85,2024-09-20 15:30:00+00:00,2024-09
APLD,2024-09-20 16:30:00+00:00,2024-09-23 13:30:00+00:00,5.938,6.4098,7.446,137.58,target,0.1923,1,9708.77,2024-09-20 16:30:00+00:00,2024-09
LUNR,2024-09-20 19:30:00+00:00,2024-09-23 13:30:00+00:00,8.9641,8.6908,-3.548,-65.81,stop,0.194,0,9642.96,2024-09-20 19:30:00+00:00,2024-09
LUNR,2024-09-23 14:30:00+00:00,2024-09-24 13:30:00+00:00,8.186,7.9364,-3.548,-68.44,stop,0.1608,0,9591.22,2024-09-23 14:30:00+00:00,2024-09
DJT,2024-09-23 14:30:00+00:00,2024-09-23 18:30:00+00:00,12.7264,12.3384,-3.548,-68.44,stop,0.1468,0,9723.93,2024-09-23 14:30:00+00:00,2024-09
MBLY,2024-09-23 14:30:00+00:00,2024-09-23 19:30:00+00:00,12.8714,12.479,-3.549,-68.44,stop,0.1512,0,9799.18,2024-09-23 14:30:00+00:00,2024-09
RCAT,2024-09-23 14:30:00+00:00,2024-09-23 15:30:00+00:00,3.316,3.2149,-3.548,-68.44,stop,0.1527,0,9506.09,2024-09-23 14:30:00+00:00,2024-09
OKLO,2024-09-23 14:30:00+00:00,2024-09-23 14:30:00+00:00,8.3142,8.0607,-3.549,-68.44,stop,0.1468,0,9574.53,2024-09-23 14:30:00+00:00,2024-09
POET,2024-09-23 15:30:00+00:00,2024-09-23 15:30:00+00:00,3.6218,3.9096,7.446,142.58,target,0.1666,1,9648.68,2024-09-23 15:30:00+00:00,2024-09
POET,2024-09-23 16:30:00+00:00,2024-09-23 16:30:00+00:00,4.0014,4.3194,7.446,143.69,target,0.1919,1,9792.36,2024-09-23 16:30:00+00:00,2024-09
AMPX,2024-09-23 16:30:00+00:00,2024-09-23 18:30:00+00:00,1.1181,1.2069,7.446,143.69,target,0.2495,1,9867.62,2024-09-23 16:30:00+00:00,2024-09
SMR,2024-09-23 17:30:00+00:00,2024-09-23 19:30:00+00:00,11.3006,10.9561,-3.549,-69.5,stop,0.1888,0,9729.68,2024-09-23 17:30:00+00:00,2024-09
AMPX,2024-09-23 19:30:00+00:00,2024-09-23 19:30:00+00:00,1.1656,1.13,-3.548,-70.03,stop,0.1919,0,9659.65,2024-09-23 19:30:00+00:00,2024-09
POET,2024-09-23 19:30:00+00:00,2024-09-24 13:30:00+00:00,4.421,4.7723,7.446,146.95,target,0.2197,1,9738.17,2024-09-23 19:30:00+00:00,2024-09
AMPX,2024-09-24 13:30:00+00:00,2024-09-24 13:30:00+00:00,1.1906,1.1543,-3.548,-68.55,stop,0.1919,0,9669.61,2024-09-24 13:30:00+00:00,2024-09
AMSC,2024-09-24 13:30:00+00:00,2024-09-24 13:30:00+00:00,24.4722,23.7262,-3.548,-68.55,stop,0.1512,0,9601.06,2024-09-24 13:30:00+00:00,2024-09
SMR,2024-09-24 13:30:00+00:00,2024-09-24 13:30:00+00:00,10.9655,11.8368,7.446,143.85,target,0.1512,1,9744.91,2024-09-24 13:30:00+00:00,2024-09
CORZ,2024-09-24 14:30:00+00:00,2024-09-25 13:30:00+00:00,12.2862,12.4688,0.986,19.21,timeout,0.1614,1,10060.62,2024-09-24 14:30:00+00:00,2024-09
SMMT,2024-09-24 14:30:00+00:00,2024-09-24 17:30:00+00:00,21.5728,23.287,7.446,145.12,target,0.1618,1,9965.99,2024-09-24 14:30:00+00:00,2024-09
BW,2024-09-24 14:30:00+00:00,2024-09-24 17:30:00+00:00,1.4807,1.5984,7.446,145.12,target,0.1608,1,10111.11,2024-09-24 14:30:00+00:00,2024-09
LUNR,2024-09-24 14:30:00+00:00,2024-09-24 16:30:00+00:00,8.0126,7.7683,-3.548,-69.16,stop,0.1608,0,9675.75,2024-09-24 14:30:00+00:00,2024-09
APLD,2024-09-24 14:30:00+00:00,2024-09-24 16:30:00+00:00,6.6485,7.1768,7.446,145.12,target,0.1512,1,9820.87,2024-09-24 14:30:00+00:00,2024-09
AMPX,2024-09-24 17:30:00+00:00,2024-09-24 19:30:00+00:00,1.003,0.9724,-3.548,-69.7,stop,0.2197,0,10041.41,2024-09-24 17:30:00+00:00,2024-09
LUNR,2024-09-24 17:30:00+00:00,2024-09-25 16:30:00+00:00,7.7056,7.911,2.167,42.56,timeout,0.1888,1,10329.76,2024-09-24 17:30:00+00:00,2024-09
APLD,2024-09-24 18:30:00+00:00,2024-09-25 13:30:00+00:00,6.9185,7.4682,7.446,150.57,target,0.1919,1,10211.2,2024-09-24 18:30:00+00:00,2024-09
NVTS,2024-09-24 18:30:00+00:00,2024-09-25 17:30:00+00:00,2.2261,2.2179,-0.869,-17.58,timeout,0.1614,0,10166.71,2024-09-24 18:30:00+00:00,2024-09
POET,2024-09-25 13:30:00+00:00,2024-09-25 14:30:00+00:00,4.9025,5.292,7.446,149.54,target,0.194,1,10360.73,2024-09-25 13:30:00+00:00,2024-09
AMPX,2024-09-25 14:30:00+00:00,2024-09-25 16:30:00+00:00,0.9004,0.873,-3.548,-72.47,stop,0.1608,0,10257.29,2024-09-25 14:30:00+00:00,2024-09
APLD,2024-09-25 14:30:00+00:00,2024-09-26 13:30:00+00:00,7.7924,8.0959,3.394,69.32,timeout,0.1608,1,10243.77,2024-09-25 14:30:00+00:00,2024-09
POET,2024-09-25 15:30:00+00:00,2024-09-25 15:30:00+00:00,5.2324,5.0729,-3.548,-73.53,stop,0.2197,0,10287.2,2024-09-25 15:30:00+00:00,2024-09
CIFR,2024-09-25 16:30:00+00:00,2024-09-25 16:30:00+00:00,4.0011,3.8791,-3.548,-73.01,stop,0.194,0,10184.29,2024-09-25 16:30:00+00:00,2024-09
CLDX,2024-09-25 17:30:00+00:00,2024-09-25 19:30:00+00:00,33.0565,35.6832,7.446,151.66,target,0.2197,1,10174.45,2024-09-25 17:30:00+00:00,2024-09
AMPX,2024-09-25 17:30:00+00:00,2024-09-25 17:30:00+00:00,0.8778,0.8511,-3.548,-72.28,stop,0.1919,0,10094.43,2024-09-25 17:30:00+00:00,2024-09
CIFR,2024-09-25 17:30:00+00:00,2024-09-26 14:30:00+00:00,3.947,3.8266,-3.549,-72.28,stop,0.1919,0,10249.11,2024-09-25 17:30:00+00:00,2024-09
POET,2024-09-25 18:30:00+00:00,2024-09-26 13:30:00+00:00,4.5623,4.4232,-3.548,-71.64,stop,0.1919,0,10172.13,2024-09-25 18:30:00+00:00,2024-09
AMPX,2024-09-25 18:30:00+00:00,2024-09-25 18:30:00+00:00,0.8631,0.8368,-3.548,-71.64,stop,0.1919,0,10022.79,2024-09-25 18:30:00+00:00,2024-09
AMPX,2024-09-25 19:30:00+00:00,2024-09-26 13:30:00+00:00,0.8397,0.9064,7.446,149.26,target,0.1919,1,10321.39,2024-09-25 19:30:00+00:00,2024-09
CAPR,2024-09-26 13:30:00+00:00,2024-09-26 14:30:00+00:00,9.8599,10.6434,7.446,151.52,target,0.1919,1,10400.63,2024-09-26 13:30:00+00:00,2024-09
AMPX,2024-09-26 14:30:00+00:00,2024-09-27 13:30:00+00:00,0.9205,0.9936,7.446,153.71,target,0.2197,1,10481.09,2024-09-26 14:30:00+00:00,2024-09
CLDX,2024-09-26 14:30:00+00:00,2024-09-26 18:30:00+00:00,33.7169,32.689,-3.548,-73.25,stop,0.1608,0,10327.38,2024-09-26 14:30:00+00:00,2024-09
FTRE,2024-09-26 14:30:00+00:00,2024-09-27 13:30:00+00:00,19.7199,19.94,0.616,12.73,timeout,0.1608,1,10493.81,2024-09-26 14:30:00+00:00,2024-09
APLD,2024-09-26 15:30:00+00:00,2024-09-27 14:30:00+00:00,8.3155,8.5357,2.149,44.7,timeout,0.1608,1,10620.11,2024-09-26 15:30:00+00:00,2024-09
LUNR,2024-09-26 15:30:00+00:00,2024-09-27 13:30:00+00:00,7.8539,8.478,7.446,154.89,target,0.1666,1,10648.7,2024-09-26 15:30:00+00:00,2024-09
ADPT,2024-09-26 19:30:00+00:00,2024-09-27 13:30:00+00:00,4.9725,4.8209,-3.548,-73.29,stop,0.1919,0,10575.4,2024-09-26 19:30:00+00:00,2024-09
CIFR,2024-09-27 14:30:00+00:00,2024-09-27 14:30:00+00:00,4.052,3.9285,-3.549,-75.05,stop,0.1527,0,10545.05,2024-09-27 14:30:00+00:00,2024-09
IONQ,2024-09-27 14:30:00+00:00,2024-09-27 15:30:00+00:00,9.6298,9.3362,-3.548,-75.05,stop,0.1888,0,10470.0,2024-09-27 14:30:00+00:00,2024-09
CAPR,2024-09-27 14:30:00+00:00,2024-09-27 16:30:00+00:00,9.5195,9.2293,-3.548,-75.05,stop,0.1608,0,10394.94,2024-09-27 14:30:00+00:00,2024-09
AXTI,2024-09-27 14:30:00+00:00,2024-09-27 17:30:00+00:00,2.4662,2.391,-3.548,-75.05,stop,0.1608,0,10319.89,2024-09-27 14:30:00+00:00,2024-09
POET,2024-09-27 15:30:00+00:00,2024-09-27 17:30:00+00:00,4.5073,4.3698,-3.549,-74.84,stop,0.1618,0,10245.05,2024-09-27 15:30:00+00:00,2024-09
CIFR,2024-09-27 15:30:00+00:00,2024-09-30 13:30:00+00:00,3.9819,3.8605,-3.548,-74.84,stop,0.1888,0,10095.91,2024-09-27 15:30:00+00:00,2024-09
LUNR,2024-09-27 16:30:00+00:00,2024-09-27 18:30:00+00:00,8.7394,8.4729,-3.549,-74.31,stop,0.1614,0,10170.75,2024-09-27 16:30:00+00:00,2024-09
CAPR,2024-09-27 17:30:00+00:00,2024-09-30 13:30:00+00:00,9.7749,10.5516,7.446,154.8,target,0.1618,1,10250.71,2024-09-27 17:30:00+00:00,2024-09
IONQ,2024-09-27 18:30:00+00:00,2024-09-30 13:30:00+00:00,9.5248,9.2344,-3.548,-72.71,stop,0.1608,0,10178.0,2024-09-27 18:30:00+00:00,2024-09
POET,2024-09-27 18:30:00+00:00,2024-09-30 13:30:00+00:00,4.3022,4.171,-3.548,-72.71,stop,0.1336,0,10105.29,2024-09-27 18:30:00+00:00,2024-09
RKLB,2024-09-27 19:30:00+00:00,2024-09-30 18:30:00+00:00,9.7358,9.5752,-2.149,-43.72,timeout,0.1415,0,9703.5,2024-09-27 19:30:00+00:00,2024-09
ADPT,2024-09-30 14:30:00+00:00,2024-09-30 14:30:00+00:00,5.4227,5.2574,-3.548,-71.72,stop,0.1527,0,10033.58,2024-09-30 14:30:00+00:00,2024-09
AMPX,2024-09-30 14:30:00+00:00,2024-09-30 17:30:00+00:00,1.0655,1.033,-3.548,-71.72,stop,0.194,0,9890.65,2024-09-30 14:30:00+00:00,2024-09
IONQ,2024-09-30 14:30:00+00:00,2024-09-30 17:30:00+00:00,9.0498,8.7739,-3.548,-71.72,stop,0.1608,0,9818.93,2024-09-30 14:30:00+00:00,2024-09
AXTI,2024-09-30 14:30:00+00:00,2024-09-30 17:30:00+00:00,2.4412,2.3668,-3.548,-71.72,stop,0.1527,0,9747.22,2024-09-30 14:30:00+00:00,2024-09
SATS,2024-09-30 15:30:00+00:00,2024-09-30 15:30:00+00:00,24.8224,24.0657,-3.549,-71.21,stop,0.1919,0,9962.37,2024-09-30 15:30:00+00:00,2024-09
POET,2024-09-30 16:30:00+00:00,2024-10-01 13:30:00+00:00,4.2203,4.5557,7.446,148.36,target,0.1645,1,9997.01,2024-09-30 16:30:00+00:00,2024-09
LUNR,2024-09-30 18:30:00+00:00,2024-10-01 13:30:00+00:00,8.052,7.8066,-3.548,-69.18,stop,0.1666,0,9927.84,2024-09-30 18:30:00+00:00,2024-09
CLSK,2024-09-30 18:30:00+00:00,2024-10-01 13:30:00+00:00,9.2946,9.0113,-3.549,-69.18,stop,0.1645,0,9858.66,2024-09-30 18:30:00+00:00,2024-09
CAPR,2024-09-30 18:30:00+00:00,2024-09-30 19:30:00+00:00,14.3172,15.4548,7.446,145.16,target,0.1919,1,9848.65,2024-09-30 18:30:00+00:00,2024-09
APLD,2024-09-30 19:30:00+00:00,2024-10-01 13:30:00+00:00,8.2742,8.022,-3.549,-68.87,stop,0.1334,0,9789.8,2024-09-30 19:30:00+00:00,2024-09
CAPR,2024-10-01 13:30:00+00:00,2024-10-01 13:30:00+00:00,15.2576,14.7925,-3.548,-69.9,stop,0.1919,0,9719.9,2024-10-01 13:30:00+00:00,2024-10
ESTA,2024-10-01 14:30:00+00:00,2024-10-01 14:30:00+00:00,39.8799,38.6642,-3.548,-68.98,stop,0.1361,0,9650.92,2024-10-01 14:30:00+00:00,2024-10
IONQ,2024-10-01 14:30:00+00:00,2024-10-01 16:30:00+00:00,8.2949,8.0421,-3.548,-68.98,stop,0.1307,0,9581.94,2024-10-01 14:30:00+00:00,2024-10
AUR,2024-10-01 14:30:00+00:00,2024-10-01 16:30:00+00:00,5.7129,5.5387,-3.548,-68.98,stop,0.1253,0,9512.95,2024-10-01 14:30:00+00:00,2024-10
EOSE,2024-10-01 14:30:00+00:00,2024-10-01 17:30:00+00:00,2.8264,3.051,7.446,144.75,target,0.1253,1,9801.42,2024-10-01 14:30:00+00:00,2024-10
AMPX,2024-10-01 14:30:00+00:00,2024-10-01 19:30:00+00:00,1.0605,1.0282,-3.548,-68.98,stop,0.1361,0,9732.44,2024-10-01 14:30:00+00:00,2024-10
RCAT,2024-10-01 15:30:00+00:00,2024-10-01 16:30:00+00:00,2.6013,2.808,7.446,143.72,target,0.1614,1,9656.68,2024-10-01 15:30:00+00:00,2024-10
RCAT,2024-10-01 17:30:00+00:00,2024-10-02 13:30:00+00:00,2.7723,2.9926,7.446,143.81,target,0.1645,1,9876.25,2024-10-01 17:30:00+00:00,2024-10
BTDR,2024-10-01 17:30:00+00:00,2024-10-02 16:30:00+00:00,6.9835,6.8967,-1.744,-33.67,timeout,0.1608,0,9777.62,2024-10-01 17:30:00+00:00,2024-10
ESTA,2024-10-01 17:30:00+00:00,2024-10-02 13:30:00+00:00,37.929,40.9428,7.446,143.81,target,0.1619,1,10020.06,2024-10-01 17:30:00+00:00,2024-10
LUNR,2024-10-01 18:30:00+00:00,2024-10-02 13:30:00+00:00,7.6467,7.4136,-3.548,-69.56,stop,0.1598,0,9950.5,2024-10-01 18:30:00+00:00,2024-10
ALHC,2024-10-02 13:30:00+00:00,2024-10-02 13:30:00+00:00,9.5348,9.2441,-3.548,-69.07,stop,0.1919,0,9881.42,2024-10-02 13:30:00+00:00,2024-10
RCAT,2024-10-02 14:30:00+00:00,2024-10-02 15:30:00+00:00,3.2366,3.1379,-3.548,-70.13,stop,0.2495,0,9811.3,2024-10-02 14:30:00+00:00,2024-10
CIFR,2024-10-02 14:30:00+00:00,2024-10-03 13:30:00+00:00,3.6958,3.7431,0.779,15.4,timeout,0.1919,1,9870.55,2024-10-02 14:30:00+00:00,2024-10
CAPR,2024-10-02 14:30:00+00:00,2024-10-02 17:30:00+00:00,15.0975,16.2972,7.446,147.15,target,0.1919,1,9855.15,2024-10-02 14:30:00+00:00,2024-10
OKLO,2024-10-02 14:30:00+00:00,2024-10-03 13:30:00+00:00,9.4873,9.3754,-1.679,-33.19,timeout,0.1666,0,9837.36,2024-10-02 14:30:00+00:00,2024-10
RCAT,2024-10-02 16:30:00+00:00,2024-10-02 16:30:00+00:00,3.2466,3.1476,-3.549,-69.63,stop,0.2197,0,9707.99,2024-10-02 16:30:00+00:00,2024-10
AUR,2024-10-02 17:30:00+00:00,2024-10-03 16:30:00+00:00,5.3977,5.2331,-3.548,-68.9,stop,0.1645,0,10059.79,2024-10-02 17:30:00+00:00,2024-10
RCAT,2024-10-02 17:30:00+00:00,2024-10-03 13:30:00+00:00,3.0915,3.3372,7.446,144.57,target,0.2197,1,9981.93,2024-10-02 17:30:00+00:00,2024-10
CLOV,2024-10-02 18:30:00+00:00,2024-10-03 13:30:00+00:00,3.4867,3.7638,7.446,146.76,target,0.2197,1,10128.69,2024-10-02 18:30:00+00:00,2024-10
JOBY,2024-10-03 14:30:00+00:00,2024-10-04 13:30:00+00:00,5.5678,6.0102,7.446,150.84,target,0.1512,1,10412.72,2024-10-03 14:30:00+00:00,2024-10
RKLB,2024-10-03 14:30:00+00:00,2024-10-04 13:30:00+00:00,9.3197,9.5752,2.242,45.42,timeout,0.1645,1,10261.88,2024-10-03 14:30:00+00:00,2024-10
ENVX,2024-10-03 14:30:00+00:00,2024-10-04 13:30:00+00:00,10.3152,10.8146,4.342,87.95,timeout,0.1888,1,10216.47,2024-10-03 14:30:00+00:00,2024-10
ALHC,2024-10-03 14:30:00+00:00,2024-10-04 13:30:00+00:00,10.7654,11.1844,3.392,68.72,timeout,0.1919,1,10128.51,2024-10-03 14:30:00+00:00,2024-10
APLD,2024-10-03 17:30:00+00:00,2024-10-04 13:30:00+00:00,8.1241,7.8764,-3.549,-71.39,stop,0.1645,0,10341.33,2024-10-03 17:30:00+00:00,2024-10
ZIM,2024-10-04 17:30:00+00:00,2024-10-07 15:30:00+00:00,19.2896,18.7016,-3.548,-73.39,stop,0.1608,0,9836.66,2024-10-04 17:30:00+00:00,2024-10
WULF,2024-10-04 17:30:00+00:00,2024-10-07 13:30:00+00:00,4.4679,4.3317,-3.549,-73.39,stop,0.1344,0,10048.8,2024-10-04 17:30:00+00:00,2024-10
AAOI,2024-10-04 17:30:00+00:00,2024-10-07 14:30:00+00:00,15.1876,14.7246,-3.548,-73.39,stop,0.1468,0,10053.8,2024-10-04 17:30:00+00:00,2024-10
CAPR,2024-10-04 17:30:00+00:00,2024-10-04 17:30:00+00:00,20.4552,19.8316,-3.548,-73.39,stop,0.1608,0,10194.54,2024-10-04 17:30:00+00:00,2024-10
AMPX,2024-10-04 17:30:00+00:00,2024-10-04 17:30:00+00:00,1.2811,1.2421,-3.548,-73.39,stop,0.2197,0,10267.93,2024-10-04 17:30:00+00:00,2024-10
CAPR,2024-10-04 18:30:00+00:00,2024-10-07 13:30:00+00:00,20.7621,20.1291,-3.548,-72.35,stop,0.1919,0,9976.45,2024-10-04 18:30:00+00:00,2024-10
AMPX,2024-10-04 18:30:00+00:00,2024-10-04 18:30:00+00:00,1.2706,1.2319,-3.549,-72.35,stop,0.2495,0,10122.19,2024-10-04 18:30:00+00:00,2024-10
BW,2024-10-04 19:30:00+00:00,2024-10-07 13:30:00+00:00,2.1761,2.349,7.446,150.74,target,0.194,1,10127.19,2024-10-04 19:30:00+00:00,2024-10
CAPR,2024-10-07 14:30:00+00:00,2024-10-07 14:30:00+00:00,21.0005,20.3603,-3.548,-71.87,stop,0.1888,0,9981.92,2024-10-07 14:30:00+00:00,2024-10
CLOV,2024-10-07 14:30:00+00:00,2024-10-07 14:30:00+00:00,4.072,3.9479,-3.548,-71.87,stop,0.1468,0,9910.05,2024-10-07 14:30:00+00:00,2024-10
NG,2024-10-07 14:30:00+00:00,2024-10-08 13:30:00+00:00,3.3467,3.2934,-2.093,-42.4,timeout,0.1468,0,9948.28,2024-10-07 14:30:00+00:00,2024-10
OKLO,2024-10-07 15:30:00+00:00,2024-10-08 13:30:00+00:00,10.5553,10.2335,-3.548,-70.33,stop,0.1919,0,9877.95,2024-10-07 15:30:00+00:00,2024-10
AMPX,2024-10-07 15:30:00+00:00,2024-10-07 15:30:00+00:00,1.1656,1.2582,7.446,147.58,target,0.194,1,9984.24,2024-10-07 15:30:00+00:00,2024-10
CAPR,2024-10-07 15:30:00+00:00,2024-10-07 17:30:00+00:00,20.7904,20.1566,-3.548,-70.33,stop,0.2197,0,9843.05,2024-10-07 15:30:00+00:00,2024-10
AMPX,2024-10-07 16:30:00+00:00,2024-10-07 16:30:00+00:00,1.2901,1.2508,-3.548,-70.86,stop,0.1919,0,9913.38,2024-10-07 16:30:00+00:00,2024-10
BW,2024-10-07 16:30:00+00:00,2024-10-08 13:30:00+00:00,2.3014,2.4842,7.446,148.69,target,0.1888,1,10026.64,2024-10-07 16:30:00+00:00,2024-10
SRRK,2024-10-07 17:30:00+00:00,2024-10-07 19:30:00+00:00,31.5258,34.0308,7.446,147.63,target,0.194,1,9990.68,2024-10-07 17:30:00+00:00,2024-10
DJT,2024-10-07 18:30:00+00:00,2024-10-08 15:30:00+00:00,18.5042,19.9746,7.446,146.58,target,0.194,1,10031.66,2024-10-07 18:30:00+00:00,2024-10
AMPX,2024-10-08 13:30:00+00:00,2024-10-08 13:30:00+00:00,1.3507,1.3095,-3.549,-70.9,stop,0.2197,0,9955.73,2024-10-08 13:30:00+00:00,2024-10
AMPX,2024-10-08 14:30:00+00:00,2024-10-08 14:30:00+00:00,1.2407,1.2029,-3.549,-70.66,stop,0.1919,0,9885.08,2024-10-08 14:30:00+00:00,2024-10
ACMR,2024-10-08 14:30:00+00:00,2024-10-08 18:30:00+00:00,20.8104,22.464,7.446,148.26,target,0.1608,1,9968.41,2024-10-08 14:30:00+00:00,2024-10
LAC,2024-10-08 14:30:00+00:00,2024-10-09 13:30:00+00:00,2.7114,2.7574,1.199,23.87,timeout,0.1512,1,9782.65,2024-10-08 14:30:00+00:00,2024-10
WULF,2024-10-08 14:30:00+00:00,2024-10-08 17:30:00+00:00,4.022,3.8994,-3.548,-70.66,stop,0.1645,0,9890.85,2024-10-08 14:30:00+00:00,2024-10
CAPR,2024-10-08 15:30:00+00:00,2024-10-08 15:30:00+00:00,20.9825,20.3428,-3.549,-70.15,stop,0.2495,0,9961.5,2024-10-08 15:30:00+00:00,2024-10
CAPR,2024-10-08 16:30:00+00:00,2024-10-08 17:30:00+00:00,20.4602,19.8365,-3.549,-70.7,stop,0.1919,0,9820.15,2024-10-08 16:30:00+00:00,2024-10
AMPX,2024-10-08 16:30:00+00:00,2024-10-09 14:30:00+00:00,1.211,1.1741,-3.548,-70.7,stop,0.194,0,9503.18,2024-10-08 16:30:00+00:00,2024-10
CAPR,2024-10-08 18:30:00+00:00,2024-10-08 18:30:00+00:00,19.9099,19.303,-3.549,-69.69,stop,0.2197,0,9898.72,2024-10-08 18:30:00+00:00,2024-10
QURE,2024-10-08 18:30:00+00:00,2024-10-08 19:30:00+00:00,6.008,5.8248,-3.548,-69.69,stop,0.1468,0,9829.03,2024-10-08 18:30:00+00:00,2024-10
ONDS,2024-10-08 19:30:00+00:00,2024-10-08 19:30:00+00:00,0.9505,0.9215,-3.548,-70.25,stop,0.1512,0,9758.77,2024-10-08 19:30:00+00:00,2024-10
DJT,2024-10-08 19:30:00+00:00,2024-10-09 13:30:00+00:00,21.6209,20.9618,-3.549,-70.25,stop,0.1618,0,9712.4,2024-10-08 19:30:00+00:00,2024-10
ONDS,2024-10-09 13:30:00+00:00,2024-10-09 13:30:00+00:00,0.933,0.9045,-3.548,-69.26,stop,0.2197,0,9643.14,2024-10-09 13:30:00+00:00,2024-10
APLD,2024-10-09 13:30:00+00:00,2024-10-09 13:30:00+00:00,7.7139,7.4787,-3.548,-69.26,stop,0.1598,0,9573.88,2024-10-09 13:30:00+00:00,2024-10
WULF,2024-10-09 14:30:00+00:00,2024-10-10 13:30:00+00:00,3.8319,3.903,1.356,25.97,timeout,0.1608,1,9325.32,2024-10-09 14:30:00+00:00,2024-10
CAPR,2024-10-09 14:30:00+00:00,2024-10-09 17:30:00+00:00,18.1791,17.6249,-3.548,-67.95,stop,0.1608,0,9435.24,2024-10-09 14:30:00+00:00,2024-10
AEVA,2024-10-09 14:30:00+00:00,2024-10-09 18:30:00+00:00,3.5778,3.4687,-3.549,-67.95,stop,0.1645,0,9367.29,2024-10-09 14:30:00+00:00,2024-10
RCAT,2024-10-09 14:30:00+00:00,2024-10-10 13:30:00+00:00,3.3717,3.2689,-3.548,-67.95,stop,0.1888,0,9299.35,2024-10-09 14:30:00+00:00,2024-10
DJT,2024-10-09 15:30:00+00:00,2024-10-10 13:30:00+00:00,21.0305,22.7016,7.446,141.52,target,0.1888,1,9466.84,2024-10-09 15:30:00+00:00,2024-10
USAS,2024-10-09 18:30:00+00:00,2024-10-10 13:30:00+00:00,0.9592,1.0354,7.446,140.51,target,0.1791,1,9607.35,2024-10-09 18:30:00+00:00,2024-10
APLD,2024-10-09 19:30:00+00:00,2024-10-10 13:30:00+00:00,7.3587,7.1343,-3.548,-66.48,stop,0.1614,0,9540.87,2024-10-09 19:30:00+00:00,2024-10
SOC,2024-10-10 14:30:00+00:00,2024-10-11 13:30:00+00:00,19.0095,20.52,7.446,142.08,target,0.1468,1,9471.39,2024-10-10 14:30:00+00:00,2024-10
USAS,2024-10-10 14:30:00+00:00,2024-10-11 13:30:00+00:00,0.968,0.9385,-3.548,-67.71,stop,0.1415,0,9403.68,2024-10-10 14:30:00+00:00,2024-10
POET,2024-10-10 14:30:00+00:00,2024-10-11 13:30:00+00:00,3.7519,3.7531,-0.467,-8.91,timeout,0.1512,0,9329.31,2024-10-10 14:30:00+00:00,2024-10
TVTX,2024-10-10 14:30:00+00:00,2024-10-10 17:30:00+00:00,17.5388,17.0041,-3.548,-67.71,stop,0.1919,0,9405.44,2024-10-10 14:30:00+00:00,2024-10
CAPR,2024-10-10 14:30:00+00:00,2024-10-10 14:30:00+00:00,16.098,15.6073,-3.549,-67.71,stop,0.194,0,9473.16,2024-10-10 14:30:00+00:00,2024-10
APLD,2024-10-10 15:30:00+00:00,2024-10-10 17:30:00+00:00,7.3437,7.1198,-3.548,-67.23,stop,0.1923,0,9338.21,2024-10-10 15:30:00+00:00,2024-10
DJT,2024-10-10 18:30:00+00:00,2024-10-11 13:30:00+00:00,23.54,25.4104,7.446,139.06,target,0.1608,1,9542.74,2024-10-10 18:30:00+00:00,2024-10
PIII,2024-10-10 18:30:00+00:00,2024-10-11 17:30:00+00:00,15.5077,15.8071,1.43,26.71,timeout,0.1608,1,9501.73,2024-10-10 18:30:00+00:00,2024-10
TVTX,2024-10-11 14:30:00+00:00,2024-10-11 16:30:00+00:00,17.5388,17.0041,-3.548,-67.72,stop,0.1444,0,9475.02,2024-10-11 14:30:00+00:00,2024-10
TXG,2024-10-11 14:30:00+00:00,2024-10-14 13:30:00+00:00,15.5417,15.7621,0.918,17.53,timeout,0.1415,1,9452.02,2024-10-11 14:30:00+00:00,2024-10
ADMA,2024-10-11 14:30:00+00:00,2024-10-14 13:30:00+00:00,16.5233,16.4118,-1.175,-22.42,timeout,0.1361,0,9429.6,2024-10-11 14:30:00+00:00,2024-10
PCT,2024-10-11 14:30:00+00:00,2024-10-14 13:30:00+00:00,9.2346,9.3453,0.699,13.34,timeout,0.1334,1,9442.94,2024-10-11 14:30:00+00:00,2024-10
DJT,2024-10-11 17:30:00+00:00,2024-10-11 18:30:00+00:00,25.8416,25.0538,-3.548,-67.24,stop,0.1608,0,9434.49,2024-10-11 17:30:00+00:00,2024-10
RCAT,2024-10-11 18:30:00+00:00,2024-10-14 13:30:00+00:00,3.4217,3.6936,7.446,141.5,target,0.1645,1,9584.44,2024-10-11 18:30:00+00:00,2024-10
DJT,2024-10-11 19:30:00+00:00,2024-10-14 13:30:00+00:00,25.3627,27.378,7.446,140.5,target,0.1888,1,9724.93,2024-10-11 19:30:00+00:00,2024-10
AMPX,2024-10-14 14:30:00+00:00,2024-10-14 15:30:00+00:00,1.3957,1.3531,-3.548,-69.02,stop,0.1608,0,9655.92,2024-10-14 14:30:00+00:00,2024-10
AEHR,2024-10-14 14:30:00+00:00,2024-10-14 15:30:00+00:00,16.008,15.52,-3.548,-69.02,stop,0.1307,0,9586.9,2024-10-14 14:30:00+00:00,2024-10
SMR,2024-10-14 14:30:00+00:00,2024-10-15 13:30:00+00:00,13.938,13.5131,-3.549,-69.02,stop,0.1415,0,9517.88,2024-10-14 14:30:00+00:00,2024-10
ADMA,2024-10-14 14:30:00+00:00,2024-10-15 13:30:00+00:00,16.4182,16.1319,-2.244,-43.64,timeout,0.1361,0,9474.24,2024-10-14 14:30:00+00:00,2024-10
APLD,2024-10-14 14:30:00+00:00,2024-10-15 13:30:00+00:00,7.3987,7.3484,-1.179,-22.94,timeout,0.1334,0,9451.3,2024-10-14 14:30:00+00:00,2024-10
AMPX,2024-10-14 16:30:00+00:00,2024-10-15 13:30:00+00:00,1.3312,1.2906,-3.549,-68.04,stop,0.1888,0,9383.26,2024-10-14 16:30:00+00:00,2024-10
UPST,2024-10-14 16:30:00+00:00,2024-10-15 15:30:00+00:00,53.5267,55.896,3.926,75.28,timeout,0.1919,1,9391.95,2024-10-14 16:30:00+00:00,2024-10
BBAI,2024-10-15 14:30:00+00:00,2024-10-16 13:30:00+00:00,1.7359,1.7841,2.279,42.77,timeout,0.1608,1,9441.75,2024-10-15 14:30:00+00:00,2024-10
PTON,2024-10-15 14:30:00+00:00,2024-10-16 13:30:00+00:00,5.1826,5.2124,0.075,1.41,timeout,0.1645,1,9398.99,2024-10-15 14:30:00+00:00,2024-10
SMR,2024-10-15 14:30:00+00:00,2024-10-15 14:30:00+00:00,13.7569,13.3375,-3.549,-66.59,stop,0.1919,0,9316.67,2024-10-15 14:30:00+00:00,2024-10
RCAT,2024-10-15 14:30:00+00:00,2024-10-15 19:30:00+00:00,3.5918,3.4823,-3.548,-66.59,stop,0.1919,0,9465.22,2024-10-15 14:30:00+00:00,2024-10
AMPX,2024-10-15 15:30:00+00:00,2024-10-16 14:30:00+00:00,1.2906,1.3743,5.983,111.48,timeout,0.1888,1,9419.84,2024-10-15 15:30:00+00:00,2024-10
PIII,2024-10-15 16:30:00+00:00,2024-10-15 17:30:00+00:00,16.7634,18.0954,7.446,139.86,target,0.1666,1,9531.82,2024-10-15 16:30:00+00:00,2024-10
PIII,2024-10-15 18:30:00+00:00,2024-10-15 19:30:00+00:00,17.8889,17.3436,-3.549,-67.65,stop,0.1645,0,9397.58,2024-10-15 18:30:00+00:00,2024-10
DJT,2024-10-16 13:30:00+00:00,2024-10-16 13:30:00+00:00,28.9546,28.0719,-3.548,-66.69,stop,0.2495,0,9375.06,2024-10-16 13:30:00+00:00,2024-10
OKLO,2024-10-16 13:30:00+00:00,2024-10-16 13:30:00+00:00,12.8264,12.4354,-3.548,-66.69,stop,0.1919,0,9308.37,2024-10-16 13:30:00+00:00,2024-10
BW,2024-10-16 14:30:00+00:00,2024-10-16 14:30:00+00:00,2.8414,2.7548,-3.548,-66.06,stop,0.1888,0,9353.78,2024-10-16 14:30:00+00:00,2024-10
CAPR,2024-10-16 14:30:00+00:00,2024-10-16 17:30:00+00:00,20.4402,19.8171,-3.548,-66.06,stop,0.1919,0,9287.72,2024-10-16 14:30:00+00:00,2024-10
UPST,2024-10-16 14:30:00+00:00,2024-10-17 13:30:00+00:00,53.1501,52.4237,-1.867,-34.75,timeout,0.1608,0,9252.97,2024-10-16 14:30:00+00:00,2024-10
BBAI,2024-10-16 14:30:00+00:00,2024-10-17 13:30:00+00:00,1.7859,1.7314,-3.549,-66.06,stop,0.1512,0,9186.91,2024-10-16 14:30:00+00:00,2024-10
LAC,2024-10-16 15:30:00+00:00,2024-10-17 13:30:00+00:00,3.1916,3.4452,7.446,139.3,target,0.2197,1,9326.2,2024-10-16 15:30:00+00:00,2024-10
BW,2024-10-16 15:30:00+00:00,2024-10-17 13:30:00+00:00,2.7264,2.6432,-3.548,-66.38,stop,0.1919,0,9259.82,2024-10-16 15:30:00+00:00,2024-10
CAPR,2024-10-16 18:30:00+00:00,2024-10-17 13:30:00+00:00,19.5791,18.9822,-3.548,-65.91,stop,0.2197,0,9193.9,2024-10-16 18:30:00+00:00,2024-10
CIFR,2024-10-17 14:30:00+00:00,2024-10-17 17:30:00+00:00,4.8874,4.7384,-3.548,-65.25,stop,0.1888,0,8998.16,2024-10-17 14:30:00+00:00,2024-10
NVAX,2024-10-17 14:30:00+00:00,2024-10-18 13:30:00+00:00,10.015,10.6436,5.776,106.21,timeout,0.1608,1,8975.72,2024-10-17 14:30:00+00:00,2024-10
EOSE,2024-10-17 14:30:00+00:00,2024-10-17 14:30:00+00:00,3.4467,3.3416,-3.548,-65.25,stop,0.1919,0,9128.65,2024-10-17 14:30:00+00:00,2024-10
BW,2024-10-17 14:30:00+00:00,2024-10-17 14:30:00+00:00,2.6413,2.5608,-3.549,-65.25,stop,0.1608,0,9063.41,2024-10-17 14:30:00+00:00,2024-10
QURE,2024-10-17 14:30:00+00:00,2024-10-18 13:30:00+00:00,6.3032,6.4168,1.303,23.96,timeout,0.1608,1,8999.68,2024-10-17 14:30:00+00:00,2024-10
RGTI,2024-10-17 15:30:00+00:00,2024-10-17 18:30:00+00:00,0.9572,0.928,-3.548,-64.32,stop,0.1919,0,8933.83,2024-10-17 15:30:00+00:00,2024-10
CAPR,2024-10-17 15:30:00+00:00,2024-10-17 18:30:00+00:00,19.4797,18.8859,-3.549,-64.32,stop,0.1888,0,8869.51,2024-10-17 15:30:00+00:00,2024-10
